"locationID","ancientcity","ancientregion","country","lat","longi"
"90UB4HZ6MA","Vaison","France","France",44.24189503,5.068682136
"08OW6Y07E1","Carini","Italy","Italy",38.15814419,13.17412313
"K7R3UK50XO","Caere - Cerveteri - Centocelle","Etruria","Italy",42.091179,11.79681
"PR68620862","Saqqara","Egypt","Egypt",29.871111,31.216389
"5JUL0L4TSX","Nevers","Gaul","France",47.08333333,3.5
"W1DV3UVSQU","Bologna","Italy","Italy",44.4945737,11.3455467
"5LQ82Y58QP","Seleucia","Pisidia","Turkey",37.9,30.6179
"3HOW7IAZPS","Oloron","France","France",43.18801197,-0.61636078
"C5WWLL305C","Artaz - Mardistan - Erzurum (approx)","Armenia","Turkey",39.908611,41.276944
"V7CHWLJ0TT","Heraclea","Thracia Prima","Turkey",40.97083333,27.95444444
"866CQOZSUL","Agen","Gaul","France",44.204908,0.62001
"QI5PBB3DUP","Saint-Gildas de Rhuys","(blank)","France",47.4999,-2.83961
"P6BUAAOSWI","Nea Paphos/Paphos/Baphpho","(blank)","Cyprus",34.757212,32.406593
"OO0PXU6BB3","Trier","Germany","Germany",49.7533,6.6433
"NIL30R303Q","Sohag","Egypt","Algeria",26.534559,1.646886
"C4OL4NGVQS","Elusa","Palaestina Tertia","Israel",31.09722222,34.6525
"42P5A8KIPL","Aventicum","Switzerland","Switzerland",46.88797822,7.049
"WMD5EWZQZ4","Vergi","Spain","Spain",36.84689785,-2.9495625
"3DUQY6GKKM","Emmaus/Nicopolis","(blank)","Palestinian Territory",31.839295,34.989428
"F9KGJL0CJG","Senaparia","(blank)","France",47.106082,1.102094
"HIWGI1UOK3","Bellunum - Belluno","Venetia et Histria","Italy",46.140031,12.217395
"UAGP2VTFW4","Cremona","Italy","Italy",45.13333333,10.03333333
"GVRFFF1R5Z","Bodbe","Georgia","Georgia",41.60666667,45.93333333
"BS2KGT51AJ","Herakleopolis Mikra/Sethroe/Heracleus","(blank)","Egypt",30.982139,32.167572
"2C77OQGN4P","Ebora - Évora - Liberalitas Iulia Ebora","Lusitania","Portugal",38.5717285,-7.9084865
"CLWMISBA4V","Populonia","Italy","Italy",42.99014154,10.49153031
"M192U24DU3","Furni","Proconsular Africa","Tunisia",36.11194444,9.28555556
"7XGT8B3Y8V","Sisan","Syria","Turkey",37.45,35.80694444
"IPMTPJRXV3","Placentia - Piacenza - Semiplacentinus","Aemilia","Italy",45.0525855,9.6976645
"MGSZGN9H8B","Domitiopolis","Asia Minor","Turkey",36.75083333,32.75388889
"RL5TSVYKEU","Tara - Court of Tara","Ireland","Ireland",53.5775,-6.61194444
"DGH49XEX0O","Foro Flaminii","Italy","Italy",42.98266119,12.72299114
"MRHVWLL8MN","Kerkuk","Beit-Slokh","Iraq",35.468099,44.3953
"RSYN8V8Y0T","Asyut","Egypt","Egypt",27.183333,31.166667
"4XMCSSAAHJ","Sipontum - Siponto","Apulia et Calabria","Italy",41.60764915,15.89285425
"FYCAD331I2","Mariana - La Canonica","Corsica","France",42.5391479855,9.49566571946
"X90CR3BSE7","Glandèves","France","France",43.95063446,6.812149949
"6F8OM96QBO","Mount Jrabashkh","Armenia","Turkey",39.721666,43.056666
"IOTW8WJZJ3","Dara/Anastasioupolis","(blank)","Turkey",37.1783845,40.948011
"HS5SQWUUUW","Bennefa","Tunisia","Tunisia",34.74451386,10.75931335
"Z10CHY8LU4","Egara - Tarrasa - Municipium Flavium Egara","Hispania Citerior","Spain",41.560997,2.010425
"XP89SKZ8HP","Auvergne","Gaul","France",45.482,5.37437
"YX2QCVQ6SI","Città di Castello","Italy","Italy",43.45684326,12.23758396
"FR6F4VFSWX","Thamugadi - Timgad - Thamugada - Colonia Marciana Ulpia Traiana Thamugadi","Numidia","Algeria",35.4852165,6.4682225
"UA16B9F0XD","Tekor, Digor","(blank)","Georgia",43.41544,40.37154
"XKBOF39CI9","Forum claudii","Italy","Italy",41.18861513,13.97690531
"U6KX893BWE","Riez","Gaul","France",43.81888889,6.09361111
"KT7V3TO5NC","Thurio","Italy","Italy",39.59424852,16.51980714
"OA2YDYYZ2J","Maastricht","(blank)","Netherlands",50.85,5.683333
"B8V7FAKUL0","Palencia","Spain","Spain",42.01666667,-4.53333333
"B5F0AIF1E4","Nepi and Sutri","Italy","Italy",42.28333333,12.4
"2DBKUW1X0J","Sabrata","Tripolitania","Libya",32.8053014,12.48430055
"PICLCJF4NQ","Beth Nuhadra","Mesopotamia","Iraq",36.137778,43.406389
"0NENHHZ1TX","Tréguier","(blank)","France",48.78778,-3.23079
"3V1QVXA4C8","Verria","Macedonia","Greece",40.51978533,22.20468896
"JIVVG2TRRF","Suindunum - Le Mans - Ouindinon - Vindunum","Lugdunensis","France",48.0071603333,0.198493333333
"T49N40UWEB","Noiodounon - Sées - Civitas Sagiensis","Lugdunensis","France",48.6060945,0.1727125
"ZM55ZCF3T4","Arabissus","Cappadocia","Turkey",38.24379,36.917271
"MF9XATHN5Q","Perinthus/Perinthos/Heraclea","(blank)","Turkey",40.971013,27.952973
"26EYMHB6FG","Diocletianopolis","Thrace","Bulgaria",42.5,24.7
"61SCV7V8ZQ","Capsa","NAfrica","Tunisia",34.4200935,8.78662
"5RTNEVYU7A","Nitria","Egypt","Egypt",30.94101941,30.38494135
"N9PJ2GZVYI","Angers - Iuliomagus - Civitas Andecavorum","Lugdunensis","France",47.469175,-0.549081
"GNS4NLQRT7","Telese o Cerreto Sannita","Italy","Italy",41.2825,14.555
"PK23C1ZAE6","Ephesus","Anatolia","Turkey",37.9407625,27.340307
"JEWHRJH66R","Nemea","Pelloponese","Greece",37.80864,22.710592
"6JT8UE419V","Romanum mon","(blank)","Switzerland",46.69348,6.46138
"S34GWX1R7I","Civitas Auriensis - Orense - Auria","Hispania Citerior","Spain",42.340013,-7.864602
"WLJ9B4IB5P","Euroea","Greece","Greece",39.335898,20.607289
"FLEX9YZPX7","Aulane","(blank)","France",42.88900948,1.54449416
"8KNJ94299Z","Bosa","Sardinia","Italy",40.299242,8.498154
"MVXSE031AV","Vich","Tarragona","Spain",41.930228,2.254313
"R5WQ8TIELC","Ravenna","Italy","Italy",44.415718,12.196604
"ITZGQI6KE0","Arcae","Tyre","Lebanon",34.533092,36.0428025
"GY7I372MX9","Bagrevand","Turkey","Turkey",39.7981,42.6744
"7XM18SNC6W","Anicium - Le Puy-en-Velay - Mons Anicius","Aquitania","France",45.044535,3.885005
"GY9G3S0NYJ","Brindisi","Apulia","Italy",40.638663,17.9429115
"Q710YHVFM9","Thespia","Greece","Greece",38.29424241,23.15136849
"W2BH5XNSFK","Faleri","Italy","Italy",42.30056447,12.35590531
"48PJYDCI0I","Lactora - Lectoure","Aquitania","France",43.933383,0.620535
"WA8TYFDG4K","Avila - Obila","Lusitania","Spain",40.655816,-4.700573
"6DIZ4L932C","Tenedo","Gaul","Switzerland",47.588186,8.29261
"77GXHX3CJL","Poitiers","Gaul","France",46.58333333,0.33333333
"C59Y08M7BC","the Fayyum","Egypt","Egypt",29.308374,30.844105
"9S79LOGLSM","Belqas","Egypt","Egypt",31.233333,31.366667
"YIHARRDJ55","Harpasa","Caria","Turkey",37.80583333,28.34833333
"W7ZZ2WJRB7","Samaria","Palestine","Palestinian Territory",32.25972222,35.195
"3U0ZFD2VYP","Pauliacum","(blank)","France",43.240756,1.797907
"3E699XP8EC","Basel","Switzerland","Switzerland",47.2083114,7.538926771
"69U3XMFTFQ","Arbayestan/Beth Arbaye","(blank)","Iraq",36.5,41.5
"UNWLAJCFTG","Ofena","Italy","Italy",42.28136903,13.77194327
"IDG471CY1Y","Cilicia ","Turkey","Lebanon",33.89325397,35.50752495
"ATC26J24SO","Teano","Italy","Italy",41.25071979,14.06572667
"JXJMJN4KPI","Molosmes","(blank)","France",47.88747,4.04344
"RVTQU2JE9Z","Tabenna - Tabennisi - Tafnis","Egypt","Egypt",26.05972222,32.3
"DMFW48DC2M","Taranto","Italy","Italy",40.47609256,17.22899813
"Q5BJ55VPGR","Kokousos","(blank)","Turkey",38.031581,36.4983445
"U98B32Q9TZ","Achyraus","Turkey","Turkey",40.38081728,27.89023603
"UMENH1RBZS","Omboi/Ombos","(blank)","Egypt",24.45205278,32.92824444
"F56RNBYU70","","Khorasan province","Turkmenistan",36,62
"QH5WPFRLRP","Iustiniana Prima","(blank)","Serbia",42.960472,21.660388
"07FFYF6NWH","Locoteiacus","(blank)","France",46.517359,0.330444
"QXY0FMK5I5","Wadi Mukellik","Palestine","Palestinian Territory",31.7775,35.4278
"3DFMBJLYZP","Nilopolis","Oxyrynchos","Egypt",28.53111111,30.64694444
"HND73BEAYS","Patrasso","Greece","Greece",38.25593134,21.73298968
"ZZ01F8GK80","Saint-Mars-Chamalières","(blank)","France",45.77681,3.06788
"QNVBOCEDAN","Galloway","Scotland","United Kingdom",55.05,-4.13333333
"QZYPNCPD4F","Ascoli-Piceno","Italy","Italy",42.855397,13.574951
"Q1T0V8EPJ4","Forum Iulii - Fréjus - Forum Iulii Pacatum","Narbonensis","France",43.4328295,6.7360345
"N12BR5C2ZD","Tongeren","Belgium","Belgium",50.78098888,5.464051771
"AB8X0M3UJQ","","Lebanon","Lebanon",33.833333,35.833333
"S3UKR7FJ62","Tindari","Italy","Italy",38.14141533,15.04678406
"9LGY8JWI2M","Augustopolis","Palaestina Tertia","Jordan",30.332089,35.595901
"XEXD54YSKG","Acaunum","(blank)","Switzerland",46.218462,7.0039815
"YW3SB6IAH8","Cosedia - Coutances","Lugdunensis","France",49.0481625,-1.444318
"PN8EHJ3RD3","Trani","Italy","Italy",41.28235278,16.41808021
"EUSY4OQRRP","Amelia","Umbria","Italy",42.55,12.41666667
"T1HK8UWLY8","Euchaita","(blank)","Turkey",40.572478,35.28003
"7GUCFQM3A7","Turba - Tarbes","Aquitania","France",43.23314,0.074264
"2LI7Z7FAEU","Selles-sur-Cher","(blank)","France",47.27525,1.55431
"WG0FNXAQQN","Navelis","Gaul","France",43.725031,7.28351
"U18MXAHMX9","Byllis","Epirus Nova","Albania",40.54132268,19.73804172
"768PWQX3L2","Aquitaine","Gaul","France",44.83974,-0.57835
"1AJ195BM48","Madaura","Numidia","Algeria",36.07666667,7.82
"RBUBJ6T9H8","Trajanopolis","Phrygia Pacatiana","Turkey",38.68611111,29.54694444
"XFYLYNZW64","Nebbio","France","France",42.68009525,9.310975051
"MCX30XEPCF","Andronpolis","Egypt","Egypt",30.778076,30.626467
"AKPBXM7883","Montcel","(blank)","France",46.01392,3.06558
"IT94312FET","Ptolemais Hermeiou/Psoi","Egypt","Egypt",29.206382,30.968603
"QT5PB7QM1D","Pisaurum - Pesaro - Colonia Iulia Felix Pisaurum","Umbria","Italy",43.912081,12.91577
"S0CYRS4M07","Anazarbus","Cilicia","Turkey",37.25250333,35.903735
"BL8J2ACDN3","Sitai/Siai/Siteon Chiphas","(blank)","Turkey",37.864169,40.989421
"77J50N06U4","Hermopolis Mikra","(blank)","Egypt",31.033655,30.4707825
"U2GDH5A2NO","","Spain - Hispania","Spain",42.5,-7.5
"OSJ7FFM9XJ","Kotayk province","Armenia","Armenia",40.140427,44.818512
"FMPEIFYVX4","Mutina - Modena","Aemilia","Italy",44.647057,10.925223
"G5FPI64QNE","Assur","Proconsular Africa","Iraq",35.45392153,43.26224278
"4BN7KCVEJJ","Germanicopolis","Asia Minor","Turkey",36.63888889,32.8925
"TLOFZJMSXL","Cordova","Spain","Spain",37.88444444,-4.77944444
"YV1AOEDYKN","Ticinum (Pavia)","Provinzia Pavia","Italy",45.185899,9.156562
"KN14GXOGWO","Ascalon","Palestine","Israel",31.6659785,34.545947
"PEHF5T4C78","Parma - Colonia Iulia Augusta Parmensis - Ager Parmensis","Aemilia","Italy",44.801507,10.327967
"7Q35Z9YDRO","Thebeste","Numidia Cirtensis","Algeria",35.404174,8.1223145
"9AX5S0CNLV","Lampsacus","Mysia","Turkey",40.34666667,26.69916667
"0FBWW5BM36","Kerasous/Pharnakeia","(blank)","Turkey",40.919134,38.397931
"3QM2FD4ZUM","Tuy","Spain","Spain",42.048056,-8.644444
"6XER5IUHQL","Lucania","Italy","Italy",39.885,17.276944
"EL1MO06IJH","Mount Colzim","Egypt","Egypt",28.924712,32.348392
"FKYN2D1AML","Neapolis (Naples)","Neapolis (Naples)","Italy",40.839995,14.25287
"4EIA7OD5R9","Kynopolis/Sko/Euergetis/Canum","(blank)","Egypt",28.479495,30.782897
"7VGKUEB6XJ","Daodus","Thrace","Greece",40.76675213,22.50673528
"R05F7HB9UE","Amastris","Paphlagonia","Turkey",41.746969,32.385648
"3JOI7LT3HW","Gindarus","Syria Prima","Syria",36.39472222,36.68888889
"YBQ8SE4GWN","Elphin","Ireland","Ireland",53.85,-8.2
"M3LZ35N4H2","Orange","France","France",44.13810689,4.80688922
"UMQCD8INX3","Aléria","France","France",42.10473364,9.511567864
"9V1T8F793Y","Nemausus","Gaul","France",43.886486,4.300123
"QA93LCLNSF","Sisteron","France","France",44.19589903,5.943232034
"Q94ER418PN","Trajanopolis","Rhodope","Greece",40.86666667,26.03333333
"KCSQ2MEG5W","Gabala","Syria","Syria",35.35,35.91666667
"V7RZPC2H8L","Gap - Vapincum","Narbonensis II","France",44.559876,6.075897
"LODTR2KP8X","Lyon","Gaul","France",45.76666667,4.83333333
"BTUQIPUNDQ","Ourense","Spain","Spain",42.33662387,-7.863708958
"MTCB99OK6W","Nocera","Perugia","Italy",43.07,12.6175
"58PT09OWK1","Chersonesus","Crete","Greece",35.319165,25.388567
"PRC4OH4207","Attuda","Phrygia Pacatiana","Turkey",37.83904733,28.80687867
"2QCTEF4XMQ","Cyrene","(blank)","Libya",32.919182,21.631788
"EMX0MNBBYT","","Greece - Hellas","Greece",37.5,22.5
"8SWR6X1W27","Septempeda","Italy","Italy",43.22878522,13.1756124
"L2GJOQVVH7","Compostela","Spain","Spain",42.87777778,-8.54444444
"S5L1GN4M25","Lucas","(blank)","France",47.128771,0.998339
"ICA2P4Z93I","Cybistra","Cappadocia","Turkey",37.6625,34.22694444
"8O66APZWUR","Amida","Mesopotamia","Turkey",37.9122455,40.2334445
"836W7XSUBH","Patara","Lycia","Turkey",36.263699,29.315155
"OPCEN2USMA","Ostrakine","Egypt","Egypt",31.11593,33.430636
"7IAQKE7E61","Theodosiopolis","Thracia Prima","Turkey",40.907132,27.466995
"XQJ0NVMUI7","","Seleucia - Claudioseleucia - Seleucia Sidera","Turkey",37.8963206667,30.6212863333
"K19A5JFD60","Dea Augusta - Die - Dea Bocontiorum - Dea Augusta Vocontiorum","Narbonensis","France",44.752363,5.370412
"640NDONBTD","Mataghis","Azerbaijan","Azerbaijan",41.515278,46.878334
"NZOJ9TZP93","Cahors","Gaul","France",44.4491,1.43663
"J3H445GUBA","Falerone","Italy","Italy",43.10746132,13.47179104
"N1ALP208AF","Argentorate - Strasbourg - Koenigshoffen","Germania Superior","France",48.582416,7.747407
"8EWL72W2HB","Tiburnia","Austria","Austria",46.82025338,13.44830177
"AVEMA8D09H","Bethelia","Palestine","Palestinian Territory",31.53842,34.504387
"ONP1B5JMEQ","Rovigo","Italy","Italy",45.070278,11.790556
"NWF7Q6A9JH","Roselle","Italy","Italy",42.82157915,11.13860167
"AD966PIYPN","Canosa","Italy","Italy",41.22318758,16.06603568
"KPJ47JK4FR","Col. Baeterrae","Gallia","France",43.3416765,3.217941
"11IE60F605","Lugdunum","Gaul","France",45.755562,4.817466
"YM91QQHQFN","Remesiana","Serbia","Serbia",43.21805556,22.3075
"E7Y3I9M06G","Saint-Guénolé de Landévennec","(blank)","France",48.29062,-4.26665
"N2G14DGHJX","Hierocaesarea","Asia Minor","Turkey",38.7975,27.79194444
"SGLFXOPNHK","Tacapae","Tripolitana (Africa)","Tunisia",33.88333333,10.11666667
"YEPXMQP3LS","Antipyrgos","(blank)","Libya",32.076457,23.961371
"KIJZJXJ6BT","Ilerda - Lérida - Bergusitanus - Bergusia Ilergetum","Hispania Citerior","Spain",41.6159535,0.625938
"RN3NK78R5N","Suza","Persia","Iran",32.1887935,48.2537285
"4QMJGI3R4R","","Mysia","Turkey",40.5716429463,29.4802383483
"NE9ANBFI82","Babylon","(blank)","Iraq",32.53878346,44.42361764
"UDTUX3JPQ9","Cularo - Grenoble - Culabo - Gratianopolis","Narbonensis","France",45.19261,5.732072
"PFGYQ2GWPH","Amathous","Cyprus","Cyprus",34.712264,33.13708095
"GXIVREM4P9","Ajaccio","Gaul","France",41.92723,8.73462
"I4NW3I69SE","Capernaum","Palestine","Israel",32.881111,35.575
"EN8QUOIRB6","Sparta","Peloponnesus","Greece",37.08194444,22.42361111
"6TRVW8ZGFB","Cervia","Italy","Italy",44.26109501,12.34921969
"LIH73WGUMT","Pyrga","Cyprus","Cyprus",34.885875,33.435499
"ZR3L7V6EDD","Apollonia","Cyrenaica","Libya",32.89202977,21.95500154
"DHC4IN0VV1","Cocussus","Armenia","Turkey",38.02111111,36.49166667
"JY30I3SMAQ","Dion","Greece","Greece",40.17485,22.488682
"NZRYAEVQ30","Beth Govrin/Eleutheropolis","(blank)","Israel",31.614254,34.8910485
"12S3KJU1DI","Cnossus","Greece","Greece",35.29815232,25.16303454
"VJRV49J18S","Urbisaglia","Italy","Italy",43.19632061,13.37667677
"Z6G8DVY6N3","Nitrian desert","Egypt","Egypt",31.41666667,31.81666667
"XUT7UB390H","Ticelia","Libya Pentapolis","Libya",32.5,20.5
"5GOBMU8SZZ","Matilica - Matelica","Umbria","Italy",43.255092,13.011553
"S129BZRB39","Dardani - Dardanos - Dardania","Moesia Superior","Kosovo",42.5,20.5
"F9ZIBZ8HK4","Mairé-Levescault","(blank)","France",46.15446,0.08232
"3J0SCPZWOP","Nuceria Camellaria - Nocera Umbra","Umbria","Italy",43.113857,12.788349
"8MP172W9VG","Amman","Jordan","Jordan",31.949722,35.932778
"SUX8YV5ZV8","Capua","Italy","Italy",41.0860925,14.250207
"DTCH636CX2","Eporedia - Ivrea","Transpadana","Italy",45.466604,7.875942
"TOF7503ASO","Thugga","Numidia","Tunisia",36.422473,9.2188665
"GWJKVH96KZ","Aveia Vestina","Italy","Italy",42.29306646,13.48803031
"TXSRXE2E8O","Urci","Spain","Spain",37.24888154,-1.776844189
"9E1J43U4X4","Memphis","(blank)","Egypt",29.849491,31.255061
"94DWCOI4T1","Doliche","Commagene","Greece",40.0575,22.16666667
"SIKUJMV3QB","Cossium/Vasatis","(blank)","France",44.431514,-0.213375
"IA4DR3T2JU","Horreomargum","Serbia","Serbia",44.7377726,21.22539042
"8QU4KDGP8K","Girba","African Tripoli","Tunisia",33.874783,10.859558
"519V1ML1FZ","","Phoenicia - Phoenice - Phoinike Libanesia","Jordan",32.5,37.5
"YG77HL9JYI","Mytilene","Greece","Greece",39.10479566,26.55034332
"C2K23HVJXF","Île Barbe","Gaul","France",45.79787,4.83348
"EJQM2BEHC5","Ptolemais","Phoenice Parhalus","Israel",32.92128675,35.079835
"ZLFET24D9N","Dijon","Gaul","France",47.31666667,5.01666667
"OBS1KBRMRF","Pisae - Pisa - Ager Pisanus","Etruria","Italy",43.719417,10.400106
"1R1BNQQ50N","Saint-Senoch","(blank)","France",47.0465,0.96859
"LMJE5U22S1","Augusta","Cilicia","Turkey",37.245212,35.344087
"OE3YBN1T9A","","Aegyptus - Egypt","Egypt",31.201435,29.909773
"T26JK6WM1K","Sirmium","Pannonia","Serbia",44.966447,19.610106
"T7KXBX3OUK","Forum Novum - Vescovio","Samnium","Italy",42.32876,12.61368
"1XX1H2VZDD","Bevagna","Italy","Italy",42.93295782,12.60794823
"OON9Z6SQHC","Darioritum - Vannes","Lugdunensis","France",47.654797,-2.75957
"MA73IXIQ1Z","Chenoboskion","Egypt","Egypt",26.054855,32.308437
"87UN0D4YKO","Potama","Asia Minor","Turkey",39.686107,31.171128
"KCLGAFIH7K","Flaviopolis","Asia Minor","Turkey",40.81222222,32.165
"BFESVS7X73","Padua","Italy","Italy",45.409561,11.876975
"UN8W986MA1","Laodicea","Syria I","Syria",35.51892275,35.7766297
"PMJAFGIV9G","Zama","Numidia","Tunisia",36.1118585,9.285729
"Y3C8A8Z3ZN","Jerusalem","Palestine","Palestinian Territory",31.704306,35.207639
"QNN18F5OGO","Milan","Italy","Italy",45.355168,10.141892
"6KHDOUPZPE","Kartli","Georgia","Georgia",41.26666667,44.50277778
"LYHIGY0F7F","Tagrit","Mesoptamia","Iraq",34.6,43.68333333
"E2AMGW9H7V","Lutetia","Lugdunensis IV","France",48.8544055,2.346168
"EDCY4KP3RO","Amasea","Pontus","Turkey",40.66680835,35.82794385
"7ZRP27UHXC","Otricoli","Italy","Italy",42.4120407,12.46697828
"TNB4COGLKW","Perge - Perga","Pamphylia","Turkey",36.961389,30.853889
"4H61HOD318","Tiberias","Palaestina Secunda","Israel",32.781575,35.5421525
"8GPI0VZQCZ","Thasos","Macedonia","Greece",40.779818,24.7106185
"OVPZSYYYXU","Zeugma","Syria","Turkey",37.0530905,37.8733395
"OT2GMROUUD","Pergamum","Asia Minor","Turkey",39.13121333,27.18453033
"EDFSRM4UXV","Comana/Hierapolis/Chryse","(blank)","Turkey",38.33132524,36.32398484
"GVQQVO5UNN","Aparan","(blank)","Russia",44.3567,40.5934
"62R4TVW205","Schedia/Chaireon/Menelais?","(blank)","Egypt",31.13965,30.192032
"26N4O5SKZE","Photike","Epirus","Greece",39.482048,20.496254
"3AX1OG9615","Flavias","Cilicia Secunda","Turkey",37.36638889,36.10166667
"EM01MXJLKN","Beauvais","Gaul","France",49.4303,2.0952
"57CLN2TKHR","Zoara","Palestina Tertia","Jordan",31.027273,35.4818175
"5MGM0YMKTA","Aosta","Italy","Italy",45.737444,7.3161705
"4I9VHFPFFM","Genava - Genève","Narbonensis","Switzerland",46.2019615,6.1437985
"VEHI5IS14S","Lapethos/Lepethis Phoinikon","(blank)","Northern Cyprus",35.350592,33.202109
"M31R27ACAQ","Rhaphanaea","Syria Secunda","Syria",34.94222222,36.39638889
"8DY4BNCI11","Side","Pamphylia","Turkey",36.772309,31.3940885
"8AR1SEO0C3","Pollentia","Italy","Italy",43.26792416,13.34785346
"22OE2JD8QB","Gangra","Anatolia","Turkey",40.6013428,33.6134213
"VGS7TK7FM3","Condevincum - Nantes - Civitas Namnetum - Portus Namnetum","Lugdunensis","France",47.2174470333,-1.5537724
"VN420P4RWK","Salerno","Italy","Italy",40.683333,14.766667
"0OLA2KBWAA","Saint-Germain-des-Prés","(blank)","France",48.85397,2.33439
"MR5E5CC29R","Tanagra","Boeotia","Greece",38.31666667,23.53333333
"DYFRQD0OM5","Bethania","Palestine","Palestinian Territory",31.77138889,35.26138889
"87LL1N11JO","Agaunum","Gaul","Switzerland",46.21388889,7.00416667
"YB9BMM8SIO","Italica","Spain","Spain",37.43467636,-6.036745376
"CQ21AA3RBY","Eauze","France","France",43.86098269,0.100285678
"X1ULDZJR3D","Ardfert","Ireland","Ireland",52.05971752,-9.518519585
"C0XM1ZZTAC","Venafro","Italy","Italy",41.48401344,14.03844823
"GDFEGFGWI8","Saint-Sauveur-en-Puisaye","(blank)","France",47.61621,3.19783
"79MSPKQKST","Tkow","Egypt","Egypt",26.9,31.516667
"E3ODI5EXCH","Pentale","(blank)","France",49.40027,0.44736
"7JK6UAARPP","Elaea","Asia Minor","Turkey",38.95,27.04
"O8ZSZZC6TD","Capidava","(blank)","Romania",44.498451,28.090736
"0G85I7FD5H","Carpasia","Cyprus","Northern Cyprus",35.626206,34.369934
"BHURDASYHZ","Venosa","Italy","Italy",40.96888039,15.82745795
"PEPP710HRA","Cenchreae","Corinth","Greece",37.88329467,22.98969233
"MEK6B8L7F0","Beneventum","Campania","Italy",45.43771,10.727138
"RMZ0ZUA6FF","Beirut","Phoenicia Prima","Lebanon",33.8985935,35.511241
"XZQZ4FPE7M","Corydallus","Lycia","Greece",37.98333333,23.65
"BR8G3DEPBL","Grigny","(blank)","France",45.6089,4.79203
"SJG0SBJTDM","Taua/Taya","(blank)","Egypt",30.7709265,31.004611
"P8S5UE3KMC","Darnis","(blank)","Libya",32.7660775,22.6404775
"4JKO1CLW6U","","Lycia et Pamphylia","Turkey",37.5,27.5
"MLWCOZPRDN","Verisa/Berisa","(blank)","Turkey",40.102781,36.484083
"IV4SPHJUSI","Cluny","Gaul","France",46.4353,4.66
"C5TKU5YMO8","Thagaste - Tagaste - Souk Ahras","Numidia","Algeria",36.28611111,7.95111111
"NQF8XC3M2L","Nancy","Gaul","France",48.69138889,6.18638889
"YKN3KTHYMD","Cidyessus","West-Central Phrygia","Turkey",38.74297,30.1908445
"9QMQBHUQZU","Sinai","Egypt","Egypt",28.555556,33.976111
"I8R08MWGIG","Mareia","(blank)","Egypt",30.99482,29.656394
"8DI2HTQN0V","Arethusa - Aretusa","Syria","Syria",34.960169,36.735111
"F6WI33XTTL","Sorrento","Italy","Italy",40.62611111,14.37611111
"OWKJYD7OIE","Abitinæ","Tunisia","Tunisia",36.62800744,9.549025989
"2YPYAUOGER","Kilpatrick","Scotland","United Kingdom",55.925,-4.45916667
"CTZR50OWG5","Hierapolis","Phrygia","Turkey",37.925,29.12583333
"MDI24TPCVT","Abydos","Egypt","Egypt",26.185,31.918889
"9JYKIBY6K7","Gazara","(blank)","Israel",31.866353,34.920181
"YU8ZMQQGUO","Elousa","(blank)","Israel",31.09686232,34.65512467
"9V1AGHR82R","Cervidunum","(blank)","France",47.24165,3.75577
"UZYZ1P2OKC","Signia - Segni","Latium et Campania","Italy",41.691453,13.022225
"1R963KZ2LN","Zamora","Valladolid","Spain",41.50633,-5.74456
"NTST3D9N4A","Avarayr","Armenia","Iran",39.336407,45.060238
"H1DZIS1PRM","Seleucia Trachea","Asia Minor","Turkey",36.37611111,33.93222222
"MJU5G4ZPSP","Mimas","Gaul","France",44.5180195,3.498093
"IIM5Y7I53D","Curia - Chur - Luria","Raetia","Switzerland",46.8485485,9.533107
"ZZSJMOFXSM","Vintium - Vence","Alpes Maritimae","France",43.722738,7.113504
"VXOS95FL8X","Dorostolum/Silistra","Bulgaria","Bulgaria",44.11666667,27.26666667
"J14AGFMWPH","Gallipoli","Italy","Italy",40.05484764,17.9761875
"W7PVA7CCU9","Isernia and Venafro","Campobasso","Italy",41.6,14.23333333
"NTBP9F600G","Tharros","Italy","Italy",39.88252656,8.438594687
"M19DWJBD3K","Sarsina","Umbria","Italy",43.9194,12.142155
"Z9DIP3I4VX","Argentorate/Stratoburgo","(blank)","France",48.582416,7.747407
"LWWDGQA376","Osimo","Italy","Italy",43.48651489,13.48082859
"ZP8JVQ1IOM","Altino","Italy","Italy",42.10423033,14.32869027
"R8PNY177GG","Basilinopolis","Bithynia","Turkey",40.607148,29.558621
"0EZN17XFB8","Lisbon","Portugal","Portugal",38.72527778,-9.15027778
"STYISIZGD4","Rinokoloura/Rinokoroura/Rinokouroura/Rhinocolura","Augustamnica Prima","Egypt",31.111755,33.796926
"ZM1XBE7A4I","Fausania","Italy","Italy",40.92561179,9.496791042
"QF3XMHDMIV","Peroz-Shapur","Persia","Iraq",37.10935,42.390333
"SRBAJMX8PF","The Thebaid","Egypt","Egypt",25.664781,32.631884
"1XLUP83HB7","Augustodurum - Bayeux - Civitas Baiocassium","Lugdunensis","France",49.275312,-0.7052
"JZOJ38F4P1","Squillace","Calabria","Italy",38.78333333,16.51666667
"Q8657WUIUQ","Vicohabentia - Voghenza","Aemilia","Italy",44.7672276,11.7505007
"4FFCNIMMGI","Pitinum","Italy","Italy",42.87326592,12.81813703
"QO1A1PWJSR","Aquaviva","Italy","Italy",41.59203717,12.82875886
"94BGFMCRWG","Jubail","(blank)","Saudi Arabia",26.93744,49.65647
"L9ZP752QB1","Seville","Spain","Spain",37.39,-5.99
"BLGC4APA79","Pergamos","Cyprus","Cyprus",35.046085,33.704175
"JPE2G0PRSN","Calama","Numidia","Algeria",36.4643305,7.427677
"CG53OGJOSE","Autricum/Carnotum/Chartres","(blank)","France",48.445658,1.4856175
"W9RY4FYHMJ","","Palestina - Palestine - Syria Palaistine","Israel",31.25,34.75
"RJ25SR57BW","Aguntum","Austria","Austria",46.82840017,12.76409808
"1GL3UN326X","Hirena","Tunis","Tunisia",36.8500325,10.318
"IRD2CXWUM1","Calahorra and La Calzada","Logroño","Spain",42.29888889,-1.9575
"AKB0L03AJC","Akhmim","Egypt","Egypt",26.56666667,31.75
"G7R0Q30RMS","Soissons","Gaul","France",49.38166667,3.32361111
"M2XAX5SLWZ","Tricca","Greece","Greece",39.558752,21.762589
"HNCDAV1GDB","Chiusi - Camars - Clusium","Etruria","Italy",43.016367,11.9487025
"GGXAI9HVJY","","Mesopotamia","Turkey",37.6989364006,40.6516947125
"T2B0TUWDTO","Cornwall","Britain","United Kingdom",50.4,-4.9
"8E9BHKQJ5R","Saighir","Ireland","Ireland",53.0731,-7.7956
"5GD2UKP7K0","Clermont","Gaul","France",45.33333333,3
"OMTUHG1GF4","Manglisi","(blank)","Georgia",41.696438,44.370753
"MOI0296508","Sinope","Anatolia","Turkey",42.025776,35.143037
"DDL7MWPJEE","Ratiaria","(blank)","Bulgaria",43.813575,22.9122725
"ZMQWWBLXC9","","Cappadocia","Turkey",37.5,37.5
"2WHJYHRCOS","","Thrace - Thracia","Serbia",42.5,22.5
"TYTR7J28YU","Tyre - Tyros - Tyrios - Colonia Septimia Severa","Phoenice Parhalus","Lebanon",33.2698475,35.2038435
"3GIEMG4PHU","Terenouthis","(blank)","Egypt",30.432395,30.815779
"Q4X0597PLF","Sicca Veneria","Carthage","Tunisia",36.18057,8.712204
"P5FHN1U2K6","Vagharshabad","Armenia","Armenia",40.166992,44.309673
"PVQHJ71O9L","Kolossai - Honaz - Chonai - Khonos","Phrygia","Turkey",37.79309567,29.25807167
"RUJV4H69VE","Hierapolis","(blank)","Israel",31.78333333,35.21666667
"8MGEVU1U35","Basra - Ardašir","Mesopotamia","Iraq",30.503217,47.820635
"W2RN124KJS","Chalcedon","Bithynia","Turkey",40.983393,29.025789
"C4XW4BIWXY","Saena","Italy","Italy",43.318695,11.330502
"50EYY7I6SF","Gezireh (Chaldean)","Syria","Syria",36.5,40.9
"BNH7GZZ69Y","Majorca and Iviza","Spain","Spain",39.61666667,2.98333333
"OK256O9X2E","Reggio nellEmilia - Regium Lepidi","Aemilia","Italy",44.698137,10.630721
"KYFDNBCALS","Salamis","Cyprus","Northern Cyprus",35.1799505,33.9030525
"IMUFAYJJDW","","Macedonia","Serbia",42.5,22.5
"KI6BQE8G5O","Constantina","Osrhoene","Turkey",37.22888889,39.75583333
"3KRSZ88K8O","Philippi","(blank)","Greece",41.013056,24.286389
"ZGT43C35JI","Interamnia Praetuttiorum - Teramo","Picenum","Italy",42.661254,13.698507
"PQJMSD0V9X","Saint-Pol-de-Léon","(blank)","France",48.68495,-3.98617
"ZAQ9W4DJR9","Dolus","(blank)","France",48.5509,-1.75558
"4UWOF5XFY9","Zarai","Numidia","Algeria",35.802187,5.677421
"BVEDVKMDRD","Eca - Aecae - Troia","Apulia et Calabria","Spain",41.361189,0.308894
"VY3BK634G7","Thibaris","Byzacena","Tunisia",36.47555556,9.08166667
"Y07ZZWEU0Z","Blera","Etruria","Italy",42.272684,12.027539
"HWBHWFQG69","Thacia Montana","Africa Proconsularis","Tunisia",36.30267,9.050218
"EY3BAOE94R","Melita","(blank)","France",45.2554153,2.430129
"75NLHFI8CE","Urusi","Tunisia","Tunisia",36.00042324,9.571090191
"F4WFE3GFPK","Lystra","Asia Minor","Turkey",37.66416667,32.21083333
"LHY6H7GYDT","Amisus","Pontus","Turkey",41.292721,36.3313
"RKNCU33ZPW","","Persis - Persia - Iran","Iran",30.1033729435,52.491334576
"XEP9SZHZRR","Nicephorium/Callinicum/Leontopolis","(blank)","Syria",35.95001833,39.05699133
"0OAE3878UU","Thermae Basilicae","Cappadocia Prima","Turkey",37.5,32.5
"PD1BTTQYV3","Magidum","Pamphylia","Turkey",36.85276,30.793665
"AJTIASIW2W","Tridentum - Trent - Trento","Venetia et Histria","Italy",46.0667685,11.119135
"HDY6Q5N5I9","Claudiopolis","Cilicia Tracheia","Turkey",36.65166667,33.44166667
"O3ERR1VOY6","Agropoli","Italy","Italy",40.344956,14.989285
"KRS3BGWYNY","Cairo","Egypt","Egypt",28.92,32.35
"DHOBPNV1FH","","Cyprus","Cyprus",34.9471333276,33.1401878597
"MLCUSWT4K8","Bani-Omar","Syria","Turkey",37.32513045,42.1910349
"UEHQRKJYUY","Chieti","Abruzzo","Italy",42.35,14.166667
"XBSQIERU6K","Colophon","Pamphylia","Turkey",38.10888889,27.14166667
"G0UMCHZDNJ","Trim","Ireland","Ireland",53.55246374,-6.793742508
"YAN6XGPAU1","Pannonia","(blank)","Serbia",44.9,19.02
"M7IOY0HV2N","Faesulae - Fiesole","Etruria","Italy",43.8070785,11.2926275
"QZCZ22GPEC","Salapia - Salpi - Rovina di Salpi","Apulia et Calabria","Italy",41.403381,15.9933
"01WQJVXIGN","Akragas - Agrigentum","Sicilia","Italy",37.290594,13.585475
"CX486VZ99U","Toukh","Egypt","Egypt",30.35394,31.20071
"7OEZ24SMJW","Tucci","Spain","Spain",37.7185951,-3.961297732
"7HECRYZV8J","Silandus","Lydia","Turkey",38.75151735,28.8260256
"JFL2A9HTI6","Teos","Ephesus","Turkey",38.185491,26.785397
"S04U7F2Z3M","Tius","Honorias","Turkey",41.558273,32.055366
"7OLHEYODB9","Kabasa","(blank)","Egypt",31.090569,30.74459
"ICFDJVEC0M","Abthugni - Henchir el-Souar - Municipium Aelium","Africa Proconsularis","Tunisia",36.1865135,10.031037
"BPYIZQ1N9E","Turris Libisonis - Porto Torres - Torres - Turres","Sardinia","Italy",40.837236006,8.39566221421
"H968EF5OPV","Laureacum","Austria","Austria",48.21666667,14.46666667
"972R4I25Y3","","Cilicia","Turkey",36.5864551425,33.9105804832
"XD80SGYYED","Magalona - Villeneuve-lès-Maguelone","Narbonensis","France",43.514715,3.882631
"X5JBIOURBG","Apollonopolis Magna/Megale","(blank)","Egypt",24.9803375,32.873196
"74ST36I39H","Tuscana - Tuscania","Etruria","Italy",42.419248,11.87028
"8TNARDBQMO","Elvira","Spain","Spain",37.17805556,-3.60083333
"3IER0HP2IZ","Adiabene/Arbela","(blank)","Iraq",36.17824533,44.015771
"OK20FPX25V","Sancti Privati","(blank)","France",45.13825,2.09847
"JJCO5VNL7V","Etchmiadzin","Armenia","Armenia",40.16177,44.291164
"D52T6RW8XF","Corinth","Greece","Greece",37.89800162,22.89997954
"KKZVVJOTK5","Sasima","Asia Minor","Turkey",38.22972222,34.62916667
"CB9KY22HEG","Chalcis","Syria","Syria",36.007956,37.009719
"3VBGV7Y5MM","Helenoupolis","(blank)","Israel",32.718751,35.440404
"Y5C72CTJ77","Trapezous/Trapezus/Trabizon","Phrygia Pacatiana","Turkey",41.0042695,39.7233115
"3VP9VDA6ZN","Mediolanum Santonum - Saintes - Mediolanum Sancorum","Aquitania","France",45.744175,-0.633389
"SYECCO073V","Glonna","(blank)","France",47.3625,-1.0196
"R5I9XN1Q66","Tabatha","Palestine","Palestinian Territory",31.51666667,34.45
"WEHIXWE9K9","Forum Sempronii - Fossombrone - San Martino del Piano","Umbria","Italy",43.69177,12.813782
"N8D5X5VNFL","Concordia","Italy","Italy",45.76666667,12.85
"GX8DD25BGB","Belley","Gaul","France",45.7601375,5.6864005
"B37U3OBW6I","Tbow","Egypt","Egypt",26.123599,32.095163
"YI077N9E0Z","Pedachthoe/Herakleioupolis","(blank)","Turkey",40.108667,36.875022
"B406WZGCZN","Auleneia","Macedonia","Albania",40.484898,19.473197
"2ZVDRAN82F","Thyatira","Sardes","Turkey",38.918888,27.8375
"37UFABARM0","Tomis - Tomi","Romania","Romania",44.166667,28.633333
"U4VFD217TY","Urgell - Urgellet","Hispania Citerior","Spain",42.357344,1.458447
"32LY846TLK","Leontopolis","(blank)","Egypt",30.683333,31.35
"VC81HBKN25","Gaza","Palaestina I","Palestinian Territory",31.5202095,34.451719
"20HJKKBW9E","Ptuj","Slovenia","Slovenia",46.42536062,15.87047397
"4RHKUI5AX0","Spoletium - Spoleto","Provinzia Perugia","Italy",42.745301,12.73839
"SUXFUUH0WG","Thebes","Achaia Secunda","Greece",38.319156,23.317577
"ANML95MZ7H","Vercelli","(blank)","Italy",45.321094,8.426374
"0LANZ5EJXM","","Illyria","North Macedonia",42,22
"95OTEABPD4","Sile/Selle/Tcharou","(blank)","Egypt",30.849572,32.366982
"ZRFRGF5L93","Arieldela","Palaestina Tertia","Jordan",30.083736,35.2198045
"P6H87DXHKI","Seleucia-Ctesiphon","Mesopotamia","Iraq",33.100272,44.583487
"7U2QP8LD71","Asturica Augusta - Asturica - Astorga","Hispania Gallaecia","Spain",42.4589013,-6.0635263
"8PR1D4HTV4","Mar'ash","Syria","Turkey",37.586682,36.925326
"FU7TL4DNIJ","Blauto/Blavia","Gaul","France",45.12907,-0.661382
"P899JR3WD2","Amid","Iohannes Urtius","Turkey",37.937557,40.235101
"34C5RBU9XF","Tanis","Augustamnica Prima","Egypt",30.97694444,31.88
"RJV1TXN32I","Laranda","Lyconia","Turkey",37.17845067,33.221586
"8JT2HZ15LD","Titopolis","Seleucia Trachaea","Turkey",36.09941867,32.81004633
"7IPXJQRRHV","Troas","Cyzicus","Turkey",39.83705152,26.33694353
"96VNDTDG6N","Gallatia","Gallacia","Turkey",37.5,32.5
"NESAFAS9EQ","Sion","Asia Minor","Turkey",39.491111,26.3383585
"3Z7SB0NJN7","Ipsus","Phrygia Salutaris","Turkey",38.85611111,30.54916667
"R0VE4RZH0V","The Kellia","Egypt","Egypt",30.776003,30.368868
"3HC3CISB9D","Viviers","Gaul","France",44.4821575,4.6896365
"P1M7TD6KFB","Carcassonne","Gaul","France",43.205842,2.364076
"COP44RQ44A","Carmeiano","Italy","Italy",40.34485104,18.04553031
"A0GUF3JUOP","","Wales","United Kingdom",52.3,-3.6
"AYCW40TUL8","Massa Marittima","Etruria","Italy",43.05,10.893611
"MMN5LYQW69","Kynopolis","(blank)","Egypt",30.896044,31.234453
"GJHGJCGHE6","Keryneia/Kerynia/Keraunia","(blank)","Northern Cyprus",35.337334,33.321417
"EPD4686A7P","Cagliari","Italy","Italy",39.22777778,9.11111111
"52BT55YAYQ","Maximopolis","Bostra","Syria",32.89722222,36.69722222
"ST4RH2ZO9V","Nicomedia","Bithynia","Turkey",40.765931,29.916288
"I8J5NJYYVS","Insula Minor - Menorca","Hispania Citerior","Spain",39.966667,4.083333
"NDMOR9GXWA","Letopolis/Letus/Oseem","(blank)","Egypt",30.1223455,31.1339825
"ZYOKG1BWMG","","Ireland - Hibernia","Ireland",51.8115717,-9.6955324
"D6TBD9Z4IU","Paleopolis","Asia Minor","Turkey",38.08527778,28.21722222
"H4YBCZL5VX","Teuchira","Libyan Pentapolis","Libya",32.53639933,20.56729767
"IF85OBNNN3","Ancona - Ancon","Picenum","Italy",43.6189926667,13.5160726667
"3IY6HQPEUH","Mount Trache","Ethiopia","Ethiopia",8,38
"2GQCIUY79J","Mantaniacum","(blank)","France",48.35522,4.01773
"4QG64KFZ87","Utica","Tunisia","Tunisia",37.05786869,10.06207275
"E1VKB2DE5K","Mopsuestia","Cilicia","Turkey",36.96445033,35.61627
"W7D2LWRY7A","Pisidia","Asia Minor","Turkey",37.3,30.3
"6GS71YD6RO","","Germania Superior","France",47.5,7.5
"3QPKNWRGZC","Privernum - Priverno","Latium et Campania","Italy",41.4907686,13.1851343
"F0MGC3KOCO","Pelusium","Egypt","Egypt",31.049917,32.600128
"W3B3Z49M7Q","Cana, Galilee","(blank)","Israel",32.74585147,35.34379222
"MXLN0JL5M6","Aquinum - Aquino","Latium et Campania","Italy",41.492208,13.705626
"JHP0TS5LDH","Corycus","Cilicia Trachaea","Turkey",36.46527778,34.15416667
"EWLMJLG86W","Sala Consilina","Italy","Italy",42.54502197,11.75169286
"Q61N6EM7S4","Lerins","Gallia","France",43.50638889,7.0475
"ZGW088JADQ","Egabro","Spain","Spain",37.47160485,-4.441691376
"ZAFMWW5Q25","Pax Iulia","Portugal","Portugal",38.01695619,-7.8648125
"5EIGZT0B91","Albingaunum - Albenga - Album Ingaunum - Bastia","Liguria","Italy",44.0484,8.21493
"7SLCG9UMKB","Casius Mons","(blank)","Egypt",31.2116,33.0779
"HZ4ZYFKL6R","Rhenen","Netherlands","Netherlands",51.966667,5.566667
"STE07L995B","Serdica","(blank)","Bulgaria",42.722826,23.342891
"908EI30GPC","Maiumas Gazæ","Israel","Palestinian Territory",31.52252039,34.45034332
"SKOBWPER3C","Corcyra","Ionia","Greece",39.58333333,19.86666667
"QRGPKQCIU8","Cornus","Italy","Italy",40.11010693,8.512563195
"M6OTHS6J8S","Calvi Risorta","Latium et Campania","Italy",41.2172222222222,14.1305555555556
"6VQZMVXMT3","Docimium","Asia Minor","Turkey",38.86666667,30.75
"KERLDGCMTS","Lake Mareotis","Egypt","Egypt",31.153056,29.898611
"Y4YDKXQLS9","Brecknock","Wales","United Kingdom",51.94612,-3.38887
"EDR128R7LV","Stratonicea","Asia Minor","Turkey",37.31472222,28.06583333
"DZET95NL8D","Midila","Algeria","Algeria",34.63350429,7.400048277
"PFL5L5ECLR","Bussento","Italy","Italy",40.07658938,15.5220625
"4DSAN78Y0Y","Tarragona","Spain","Spain",41.11583333,1.24972222
"L8CKTNX6JM","Nazianzos - Nenezigözü - Nandianulus","Cappadocia","Turkey",38.398047,34.3497935
"4FRZ7GGAHO","Nocera dei Pagani","Italy","Italy",40.733333,14.616667
"VMRNE8OZJ6","Attanum","Gaul","France",45.516213,1.206092
"N37IUP5YJZ","Nablus - Flavia Neapolis - Neapolis - Naplousa","Palestina","Palestinian Territory",32.218685,35.262911
"5D9S8M3ZSU","Puzzoli","Provinzia Napoli","Italy",40.825838,14.1217415
"F17I02B9L1","Whithorn","United Kingdom","United Kingdom",55.46470239,-4.626237398
"13PEE1W4AF","Pesto","Italy","Italy",40.42418252,15.00719823
"PRUGD7XD9T","Bouto/Boutos","Egypt","Egypt",31.196554,30.7446365
"REGG8ZHI82","Armagh","Ireland","United Kingdom",54.35,-6.66667
"UKH22RIOVN","Lodève","France","France",43.73222142,3.31723578
"9A2J0KWBLI","Viminacium/Viminatium","(blank)","Serbia",44.7266235,21.1913635
"CUSTKDNZ37","Balma","(blank)","France",46.36274,5.74638
"AKNE7VNKXI","Dodone","Epirus","Greece",39.54638889,20.78777778
"5L164LPDCA","Vernay","France","France",46.1581,4.53
"OPJ4C7EOK9","Caudium","Italy","Italy",41.03366116,14.55497769
"HP8IF2WKIU","Celano","Italy","Italy",42.08483879,13.54717141
"SQ7FH0UJ0U","Sauatra","Asia Minor","Turkey",37.97416667,33.11055556
"7VV3VC3PVW","Castrum Divionense/Divio","(blank)","France",47.327186,5.044076
"WFQRGVMXXA","Helvetii - Aventicum Helvetiorum - Aquae Helveticae","Germania Superior","Switzerland",46.9580190681,6.91859315322
"OH1OG4EEX4","Maioma Ascalonitis","(blank)","Israel",31.692211,34.561808
"OW4WYSQLPA","Mogontiacum - Mainz","Germania Superior","Germany",49.998912,8.273869
"L0F2AXOBSG","Ioppe/Joppa","Palaestina Prima","Israel",32.053079,34.7499295
"0UTN13KD1K","Bruttium","Italy","Italy",39.248407,16.732178
"7IL1FSI2C3","Nicopolis","Asia Minor","Turkey",40.1485567,38.14353355
"S7P4TVHY0B","Avignon","Gaul","France",43.950668,4.806612
"VZEFLIXCQA","Derbe","Asia Minor","Turkey",37.35083333,33.27138889
"QZGJCNZXCH","Avellino","Latium et Campania","Italy",40.916667,14.788889
"O06JFA76ZX","Aire","Gallia","France",49.4822,4.1622
"L0DLY4I4F2","Orléans","Gaul","France",47.9025,1.90888889
"POC7KYLNRJ","Osijek","Croatia","Croatia",45.555556,18.694444
"SVJ7C6S82I","Malliacum","(blank)","France",47.383824,0.554606
"WOQLBKMENT","Solothurn","Gaul","Switzerland",47.216667,7.533333
"BFW7BEA5KY","Sardica","Thrace","Bulgaria",43.16666667,23.55
"YKIHUPRK0H","Meria","Italy","Italy",38.67811758,15.89865906
"UY4GDE95WN","Lauconnum","(blank)","France",46.4009,5.79284
"19D6BRZA88","Consoranni - Couserans - Saint-Lizier - Saint-Lizier-en-Couserans","Aquitania","France",43.00174,1.138354
"1CD2T085C3","Mentesa","Spain","Spain",37.74235011,-3.692632274
"IYKXIO8DPO","Bawit","Egypt","Egypt",27.55,30.719167
"QIB5DHP3QM","Turnacum","Belgica II","Belgium",50.605679,3.3882855
"M15SO0LDOH","Tunes","Tunisia","Tunisia",36.81326085,10.18407026
"JY4W1W2ED3","Maximianopolis","Palestina Secunda","Israel",32.585,35.18444444
"J0M28BHMCY","Hebron","Palestine","Palestinian Territory",31.53333333,35.095
"GMNXIRH60T","Bolsena","Italy","Italy",42.64360323,11.98922667
"L99Z93D2SH","Payerne","(blank)","Switzerland",46.82081,6.93752
"MMME6L7SIW","Nemausus - Nîmes - Colonia Augusta Nemausensium","Narbonensis","France",43.8431497874,4.3541755708
"E3DVQFLO7J","Dublin","Ireland","Ireland",53.35,-6.26666667
"2VJFMZQGSH","Baithsan/Scythopolis/Nysa","(blank)","Israel",32.5033615,35.502981
"TA568VF4O1","Sebennytos","(blank)","Egypt",30.9641295,31.239982
"852Q4HFJE5","Condatiscone","(blank)","France",46.38659,5.86624
"JEAZ4T4YDF","Magyddus","Turkey","Turkey",36.8992245,30.797879
"L6O7DWB13I","Busiris","Egypt","Egypt",30.913368,31.2387955
"M4K3DA92LI","Lodi","Lombardy","Italy",45.316667,9.5
"0C6M3GJYKL","Strangford Lough","Ireland","United Kingdom",54.498,-5.648
"WZRKII7X08","Tlos","Lycia","Turkey",36.553772,29.420521
"9K0DK0YZME","Iliberri Florentia - Granada - Ilurir","Baetica","Spain",37.176484,-3.597934
"AKHRC7S78D","Gaba","(blank)","Israel",32.730365,35.106902
"CEBWV2H0DP","Sant’Angelo in Vado","Italy","Italy",43.66510048,12.41140531
"N6H0EKNY01","Saint-Cloud","(blank)","France",48.84343,2.21915
"B98IEK4OTZ","Liternum - Literno - Marina di Lago di Patria","Latium et Campania","Italy",40.9210656031,14.0300735059
"G8W2SN5IZU","Aquae Statiellae - Acqui Terme","Liguria","Italy",44.675532,8.470658
"KRBS996EUD","Sion","Switzerland","Switzerland",46.1,7.06666667
"WX2X14QMAT","Axiopolis","(blank)","Romania",44.331888,28.021943
"2TIFCM0VGC","Thennesos/Thenessos/Tenesos/Tenese/Thennisus","Augustamnica Prima","Egypt",31.255258,32.292698
"GT2FFY0FHU","Centumcellae - Civitavecchia - Centocelle","Etruria","Italy",42.091179,11.79681
"M45P51SE44","Korbilon","(blank)","France",47.274275,-2.213486
"I8NAE2DF9G","Pompeiopolis","Cilicia","Turkey",41.517,34.213
"6XY2ONFPE1","Rouen - Rotomagus - Civitas Veliocassium","(blank)","France",49.440841,1.096451
"B7QQKOVK8X","Sykomazon","(blank)","Palestinian Territory",31.41288,34.372228
"T8RD0VSG88","Antiphrai/Leukaspis","(blank)","Egypt",30.823446,29.012034
"JXKYWG8P81","Leucosia [Nicosia]","Cyprus","Cyprus",35.1725,33.365
"7G1H40KT6I","Reginca/Aletum","(blank)","France",48.635814,-2.027308
"UNAZ6V0KP4","Pistoriae - Pistoia","Etruria","France",43.932766,0.9182435
"FNVGK4372K","Anicium","Gaul","France",45.044535,3.885005
"C8P7CIWI3F","Cibalis","Pannonia","Croatia",45.291111,18.801111
"KHLYA34P66","Puteoli - Pozzuoli - Dicarchis - Colonia Neronensis Claudia Augusta Puteoli","Italy","Italy",40.826111,14.120556
"UGOU7TA2CK","","Cyrenaica","Libya",32.4996533333,20.8717433333
"54X6P64ZHD","Lycia","Cyprus","Turkey",36.733333,29.9
"M5D0XMG5AR","Frequentum - Afrigentum - Frigento","Apulia et Calabria","Italy",41.012222,15.100556
"0HI8NSSJ9J","Bagai","Algeria","Algeria",35.53523723,7.117556661
"TBQBGQNJUQ","Tamiathis - Damietta","(blank)","Egypt",31.417068,31.812588
"RU5D9RBMKA","Ionopolis","Paphlagonia","Turkey",41.97416667,33.76027778
"MX7MZ58YU9","Phakoussai/Phakoussa","(blank)","Egypt",30.720511,31.672164
"0RMU8AGAAE","Thynis - Thone - El-Ashmunein - Tunah","Aegyptus","Egypt",27.774692,30.736688
"8WO9YAETWH","Bettona","Italy","Italy",43.01380569,12.48426422
"1NB5V1FUCS","Virisiaco","(blank)","France",49.14845,4.16425
"FYB1WNIA8S","Kaškar ","Iraq","Iraq",32.11065431,46.18004292
"W9A241C855","Epidaurum","Greece","Greece",37.63434538,23.14841498
"YHRJRL8SPY","Tralles","Ephesus","Turkey",37.859764,27.831081
"PUEQPZZB5B","Forli","Romagna","Italy",44.23333333,12.05
"OSCZZDX4AA","Argos","Greece","Greece",37.62292159,22.71598035
"DY7UB1RB8V","Syracuse","Sicily","Italy",37.06916667,15.2875
"7RVRMXH2V6","Reate - Rieti","Samnium","Italy",42.403067,12.861183
"KBQHSENSIV","Aegeae","Turkey","Turkey",36.77259078,35.79205034
"4NGGX51E3T","Nyssa","Asia Minor","Turkey",38.95416667,33.95916667
"LKMB53YUV2","Dertosa - Tortosa","Hispania Citerior","Spain",40.811004,0.520955
"DF4KEMG4Z8","Cos - Kos","Greece","Greece",36.844,27.17
"U584W3ZXG6","Comana","Pontus","Turkey",40.3575,36.63861111
"SR7NBMSIJS","Saint-Florent de Niederhaslach","(blank)","France",48.54311,7.34153
"SHVD44QHK1","Novara","Piedmont","Italy",45.45,8.61666667
"41IG9T4TSC","Kourion/Curium","(blank)","Cyprus",34.6662275,32.883723
"DHPYLACTJ9","West Azerbaijan Province","Iran","Iran",39.092222,44.544444
"WO4IB3BF8G","Wadi al-Natrun","Egypt","Egypt",30.35713,30.27059
"2UGIYJD9G0","Reims - Rheims - Durocortorum","Belgica II","France",49.2539525,4.0332025
"GDACIPQBX8","Sophene","Armenia Secunda","Turkey",38,43
"RT8Y6WH43H","Axum","Ethiopia","Ethiopia",14.130278,38.719444
"AVZ0J65EB5","Basti","Spain","Spain",37.49077106,-2.776291042
"QA8RTJOGUD","Deux-Jumeaux","(blank)","France",49.34866,-0.96175
"HLRLRJJUR0","Scillium","Africa Proconsularis","Tunisia",36.450148,9.106753
"RQGJHTVM9F","Thuburbo Minus","Africa Proconsularis","Tunisia",36.829599,9.838642
"EJ8WY5WCW3","Hadrianoupolis","(blank)","Turkey",41.676459,26.562891
"WNL70VODDM","Aegae","Cilicia","Turkey",36.76972222,35.78944444
"KDSYXLEJN1","Termini Imerese","Italy","Italy",37.98740735,13.69710542
"UEL9C7FXOQ","Constantinople","Byzantium","Turkey",41.00779081,28.96129161
"E44J4X711T","Buzau","Wallachia","Romania",45.153056,26.820833
"PR18T9FXVX","Polybotus","Turkey","Turkey",39.02128952,31.28905971
"UUMJUY66IY","Nisibis","Antiochia","Turkey",37.06751167,41.21544667
"Z8QRWV7R3M","Juvavo","Austria","Austria",47.79807443,13.0459375
"QDY9JQ9VZ4","Melitene","Armenia","Turkey",38.382217,38.361152
"Z1VXVR3IH7","","Mauretania","Morocco",32.5,-2.5
"UKMU470SFC","Treba","Italy","Italy",41.86253738,13.24929104
"9OL0SSKJWR","Argyropolis","Asia Minor","Turkey",41.026411,28.980152
"S0CLNEDOUH","Dax - Acqs - Aquae Terebellicae","Aquitania","France",43.709216,-1.0525105
"A0LE1VTM61","Herakleopolis/Heracleo/Herculis Oppidum/Hanes","(blank)","Egypt",29.0854995,30.9345815
"B44PT16BEL","Temnus","Ephesus","Turkey",38.67194444,27.19694444
"KNTD25315F","Mimas - Mende","Aquitania","France",44.5180195,3.498093
"6XNX82HTF0","Tiphre (Difrah), near Panau","Egypt","Egypt",30.72678384,31.02457323
"CPC8W3LG5R","Characmoba","(blank)","Jordan",31.1831575,35.703277
"27M55PFO2O","Manatum","(blank)","France",46.102677,2.90204
"Y5OT1HF1ES","Bostra","Syria","Syria",32.5162766,36.481845
"G67H1R8W4X","Tolmeitha - Ptolemais - El-Dirsiyah","(blank)","Libya",32.70947,20.950756
"25U36BHTI1","Gortyna","Crete","Greece",35.06272017,24.94694372
"W1494IFF8A","","Crete - Creta","Greece",35.2159940541,25.1169644779
"LE8V3QACW3","Gerona","Catalonia","Spain",41.98444444,2.82111111
"0BIHO39NN2","Vaga","Numidia","Tunisia",36.72564,9.18169
"I1KTX55083","Kidron - Kidron Valley","Palestina","Palestinian Territory",31.7181049287472,35.3333730239731
"WAL3VA2FK8","Bolnisi","(blank)","Georgia",41.449435,44.533309
"QDZY509WIO","Camerino","Italy","Italy",43.140369,13.068764
"E3J3VDY50H","Nicaea","Byzantium","Turkey",40.42909367,29.71468167
"U3ZEWU20O4","Cestra","Isauria","Turkey",36.22760833,32.33693533
"BFQYGJJ1LE","Lorsch","Austria","Germany",49.653889,8.5675
"ZQ7ZH77TNW","Luca - Lucca","Etruria","Italy",43.84184,10.50703
"31DM4HO5I4","Krokodilopolis/Ptolemais Euergetis/Arsinoe/Bamway","(blank)","Egypt",29.3149635,30.8399565
"IIO87LXQIV","Magnesia","Asia Minor","Turkey",37.8505485,27.526039
"XGACUEDB19","Membressa - Medjez el-Bab - Majaz al Bab","Proconsular Africa","Tunisia",36.648688,9.613446
"URS7OXPZYN","Formia","Campania","Italy",41.266667,13.616667
"O9H3ZLWNKW","Saint-Chef","(blank)","France",45.6343,5.36683
"J8YB6O33RK","Cesena","Italy","Italy",44.13775499,12.2451875
"RB911JNHUU","Albi/Albiga","Gaul","France",43.928384,2.144499
"97I403I49M","Brittany","Gallia Lugdunensis","France",48.16667,-2.83333
"A5ICRNYGCB","Heliopolis/Baalbek","Phoenicia","Lebanon",34.0110135,36.2021205
"4LQAA5VQEZ","Icosium","Algeria","Algeria",36.77691873,3.058929153
"A8ZRLOH01F","Beth Lapat","Mesopotamia","Iran",32.2804655,48.5176885
"I8MMJ1DYQD","Grumentum","Italy","Italy",40.28755617,15.89166068
"A7LS69SWYB","Caerleon","Wales","United Kingdom",51.615,-2.959
"GXAMRAULDA","Sléibhte","Ireland","United Kingdom",54.35540238,-6.652883386
"S93RQ0F3JJ","Aneia","Palestine","Israel",31.352394,35.063237
"CQGWPV3T5X","Lesbi / Sitifis","Mauretania Sitifensis","Algeria",36.18333333,5.4
"A1ZS6E8UEI","Bageis","Lydia","Turkey",38.66527778,29.15833333
"FGIKL8ZUV9","Polemonion/Side","(blank)","Turkey",41.028521,37.511511
"7H6XVHR9OM","Mediolanum","Italy","Italy",45.463746,9.18806
"NMQ11I1UHR","Caesena - Cesena","Aemilia","Italy",44.1351069024,12.2418006115
"Y4PJTL1JS0","Arsamosata","(blank)","Turkey",38.6608665,39.5109175
"0MIUS4C4P0","Amphipolis","Macedonia","Greece",40.818333,23.84
"CRVDR82TEM","Luceria - Lucera - Nuceria Apula - Ager Lucerinus - Borgo San Giusto","Apulia et Calabria","Italy",41.5086475,15.3354745
"CP79D0EPLW","Birtha","Macedonia","Turkey",37.025429,37.978775
"WKKIPWYQAM","Onouphis Kato","(blank)","Egypt",30.877265,30.927702
"F11ORRNFC7","Mount Ararat","Armenia","Turkey",39.7019,44.2983
"NI3OOJ7TLR","Laon","Belgica","France",49.5631,3.62714
"33WGXNW8UP","Condate - Rennes - Rennes-Saint-Louis - La Guyomerais","(blank)","France",48.1112055,-1.6818915
"OX2GI58M0H","Noviomagus - Saint-Paul-Trois-Châteaux - Augusta Tricastinorum","Narbonensis","France",44.3495385,4.7669945
"AH5JC95CSM","","Bithynia - Bithinia - Bitinia","Turkey",40.5628578119,30.7201762118
"FIQGS2H7AI","Saint-Quentin","France","France",49.84783624,3.289192864
"ILCYVYB4A3","Nikaia - Nice - Nicaea","Alpes Maritimae","France",43.703436,7.266233
"4E4P834QYA","Belgrade - Singidunum - Beograd - Civitas Flavia Singedonum","(blank)","Serbia",44.812991,20.4579465
"SBHUEAEAEY","Chythroi/Chytroi","Cyprus","Northern Cyprus",35.245772,33.490691
"3VSADLNS2K","Caesarea Mauretaniae/Gratianopolis","Numidia","Algeria",36.52285575,3.6414695
"GSPYL4X4EG","Bebronne","(blank)","France",45.94794,5.43678
"5XXMABOECX","Augusta Taurinorum - Torino - Iulia Augusta Taurinorum","Italy","Italy",45.0717795,7.685998
"PSB57601L1","Stabiae - Castellammare di Stabia","Latium et Campania","Italy",40.7029699785,14.4989227191
"5B7RM6ZU95","Tilothis/Neiloupolis/Nilopolis/Neilopolis","(blank)","Egypt",29.184652,31.12046
"7RJNUWUEIC","Londinium - London - Augusta","Britannia","United Kingdom",51.513335,-0.088949
"MBOQ7AB272","Anderitum","(blank)","France",44.692481,3.335894
"1P3OMVASTD","Salácia","Portugal","Portugal",38.43491866,-8.516357582
"47LAWNXN1N","Lugdunum Convenarum - Comminges - Saint-Bertrand-de-Comminges","Aquitania","France",43.0270135,0.5722425
"8OPJCD82QB","Apollonia","Palestine","Israel",32.195065,34.806477
"X8ZOJUEBCN","Novaria - Novara","Transpadana","Italy",45.445082,8.618661
"BUC9TVGF6K","Valona","Albania","Albania",40.4850979,19.47329892
"8CVRWB3UE4","","Phrygia","Turkey",38.7830401005,30.473011419
"OU2JFECMNI","Sophanene","(blank)","Turkey",37.85837,40.866752
"1L47F1MD1A","Legio VII Gemina - León","Hispania Citerior","Spain",42.5996765,-5.569203
"DOE1RMUUHX","","Memnoneia - Djeme - Thebes west","Egypt",25.631139,32.560331
"WEVTBFMG59","Tre Taverne","Italy","Italy",41.59199304,12.8288125
"1P760VUDRR","Saint-Marcouf","(blank)","France",49.47304,-1.28929
"R7DSDX9DY1","Caesarea Philippi","Syria","Israel",33.2475255,35.6934605
"GHQ4I9KBLM","Lunan","(blank)","France",44.60308,2.07928
"DVJ9DWPOKL","Saragossa","Spain","Spain",41.65,-0.88333333
"OCP70AJTTT","Sulcis - Sulci - Sant Antioco","Sardinia","Italy",39.061743,8.4547
"YW4O086PYX","Bergamo","Lombardy","Italy",45.69601,9.66721
"LVO8TN5IYE","Caesarea","Cappadocia","Turkey",38.73333333,35.48333333
"3PFDZNT7PQ","Otranto","Italy","Italy",40.14590893,18.49079104
"CL8JI204JN","Egnazia Appula","Italy","Italy",40.88765222,17.3909007
"1UP5YUD8XR","Panemotichus","Pamphylia Secunda","Turkey",37.264347,30.500706
"IDGIZRKROY","Hippos","(blank)","Israel",32.7786705,35.6597945
"OIV1IRE396","Olbia - Ulbia - Civita - Terranova Pausania","Sardinia","Italy",40.923,9.500426
"V7NNA0G5EY","Cephro ","Egypt","Egypt",30.75,30.25
"5I09QBAQDD","Uzès","France","France",44.01221296,4.422067864
"CLLD55CZKC","Arausio","Gaul","France",44.1367875,4.8079175
"DA851YANVM","Agrippias","(blank)","Palestinian Territory",31.536326,34.47975
"73DH1V0COK","Alba Helvianorum","France","France",44.48224621,4.690057136
"0NK64X4MVV","Assisi","Umbria","Italy",43.0706185,12.618957
"3R0JNOLNYB","Dorylaion - Dorilaum - Dorileum","Phrygia","Turkey",39.77489,30.51684
"DKKRW78S5Z","Potentia - Potenza","Bruttium et Lucania","Italy",40.637601,15.801741
"B3GADCLMYV","Kaine/Maximianopolis","(blank)","Egypt",26.14988533,32.70187567
"BH1BEO006Q","Nikiou","Egypt","Egypt",30.411529,30.851018
"HQFMXSJA08","Valeria","Spain","Spain",39.77088033,-2.156433094
"OS6HIZ81YE","Betecas","Portugal","Portugal",41.750775,-7.673271164
"SUEL9CC8UV","Cydonia","Crete","Greece",35.51666667,24.01666667
"GGCF3GSSDP","Toulon","France","France",43.12163719,5.933964322
"R3O2DFXGWV","Raphoe","Ireland","Ireland",54.873923,-7.600486
"O843ZPIK7S","Treia","Italy","Italy",43.3128046,13.31145896
"3ZF72GLW7S","Sepino","Italy","Italy",41.40768723,14.61946969
"5S87C5BG0N","Panopolis/Chemmis/Schmin","(blank)","Egypt",26.5648875,31.7451755
"ABCT272JZT","Lagania/Anastasioupolis","(blank)","Turkey",40.0219715,31.9622515
"X1J3D11MDI","Cius","Bithynia","Turkey",40.4325,29.15638889
"OVH4T3QWGX","Fundi - Fondi","Latium et Campania","Italy",41.357429,13.427922
"A7OQX2U11K","Ereti, Bodbe","Georgia","Georgia",41.6066,45.9334
"WEEFYE92LN","Tipasa","Numidia","Tunisia",33.726022,10.747979
"VH2AGH9WRN","Pirdop","Bulgaria","Bulgaria",42.699727,24.181489
"8G9QP1VO5D","","Syria","Turkey",37.5,37.5
"G8812YAAA3","Cill Fhionnúrach","Ireland","Ireland",52.99083927,-9.216876873
"044PFCROFW","Abila Dekapoleos/Seleukeia","Palaestina II","Israel",32.8228945,35.80101
"732UIU0HJO","Stauropolis","Asia Minor","Turkey",37.70833333,28.72361111
"RA4FEWSV3F","Milev - Mileu - Mileum - Mila","Numidia","Algeria",36.4512765,6.267698
"QRQIK2IFWZ","Felix Romuliana","(blank)","Serbia",43.899563,22.185562
"H41Z8BZ8BG","Arles - Arelate - Arelatum - Aix","Gaul","France",43.677616,4.630799
"X7L0PD85DN","Quimper","Lugdunensis","France",47.997542,-4.097899
"WBVY6564G3","Claterna","#N/A","Italy",44.44196953,11.47492677
"H5S9XIV8X2","Miseno","Italy","Italy",40.79838649,14.08095896
"4DLNYSU4MU","","Epirus - Epireus","Greece",39.6854576581,20.7139203232
"OJG2YIVW25","Eposium","(blank)","France",49.57032,5.27162
"YS7XR92ZRB","Attalia","Pamphylia","Turkey",36.8903095,30.699968
"YHCPWMSY49","","Arabia","Egypt",27.5,32.5
"BH4YE4PH0U","Bordeaux/Burdigala","Gaul","France",44.837205,-0.576533
"HZKWVICVL8","Trevi","Italy","Italy",42.87787226,12.74658396
"287NY6BIK1","Chrysopolis","Roman Arabia","Turkey",41.01666667,29.03333333
"5ILT9VWDBT","Batnae - Markopolis - Suruç - Serugh - Batnan - Anthemousia","Mesopotamia","Turkey",36.9763845,38.424374
"FH88N438DQ","Astir (Peshotep)","Egypt","Egypt",30.4707015,31.18425
"TX313JTR7Q","Echinus","Thessaly","Greece",38.89583333,22.72527778
"9KELXJ2Q63","Turiaso - Tarazona","Hispania Citerior","Spain",41.902823,-1.725329
"6QBQZGLCA0","Brefinnia","Ireland","Ireland",53.99496702,-7.361480415
"C25BCBXQUD","Mandona","Galilee?","Israel",32.701029,35.300148
"2BX5OK2H0K","S. Sequanus","Gaul","France",47.43995,4.78976
"0X9JBVDDKM","Larinum - Larino - Colonia Septimia Aurelia Larinum","Apulia et Calabria","Italy",41.8064879,14.9175768
"J4Z5RPEAP9","Agde - Agatha - Agathe Tyche","(blank)","France",43.305832,3.473132
"QC5B7B3ZV2","Atrib","Egypt","Egypt",26.534761,31.645694
"XWF440NZ8T","Sais","(blank)","Egypt",30.96715,30.774367
"XQW7P5L4A7","Altinum - Altino","Venetia et Histria","Italy",45.5462731208,12.3996813934
"YRI09KDSP7","Paros","Greece","Greece",37.085,25.151667
"J4OGJ0GFDD","Octodurum","Switzerland","Switzerland",46.23411561,7.358926771
"EIGQE8X58F","Zuglio","Italy","Italy",46.46861854,13.01556786
"3FR8NQSFE2","Smyrna","Anatolia","Turkey",38.440912,27.14781
"3IVG4YSL6A","Sofia","(blank)","Bulgaria",42.696875,23.322875
"DMSP3U1OAD","Zephyrium","Cilicia Prima","Turkey",36.808642,34.638066
"H793TQ1SW1","Thessalonica","Macedonia","Greece",40.628342,22.952885
"GMWNC5NIC6","Killaloe","Ireland","Ireland",52.8,-8.45
"46QUHHVRN9","Sankt Goar","(blank)","Germany",50.1507,7.71488
"JL90682J11","Jordan River","Palestine","Palestinian Territory",31.820158,35.501404
"TGMEGPWC2P","","Proconsular Africa","Libya",32.5,12.5
"O51TENIRN6","Cassano allo Ionio - Cassano all’Jonio","Bruttium et Lucania","Italy",39.784712,16.3210165
"5QISJQLKYU","Gerrha","Augustamnica Prima","Egypt",31.04259,32.53998
"OFQ8FT15P8","","Osrhoene","Turkey",37.5,37.5
"0HZHTP6XGF","Baralle","(blank)","France",50.21194,3.05682
"3856GUMPTU","Vienna","Gaul","Austria",48.211345,16.373946
"42P56JH49T","Cagli e Pergola","Umbria","Italy",43.91027778,12.91333333
"XDSF7JMCKD","Carthago Nova - Cartagena - Karthago Spartaria","Hispania Citerior","Spain",37.602787,-0.9879535
"NXW9OGAM2G","Gordus","Lydia","Turkey",38.87666667,28.31416667
"KIJY7E12JP","Jaén","Spain","Spain",37.76666667,-3.77111111
"GR8OKVDDUM","Lipari","Italy","Italy",38.46703511,14.9570625
"3S7DM6TSY9","Apt - Apta Iulia - Apta Iulia Vulgientium","Narbonensis","France",43.876571,5.393684
"YS0DIL2UXL","Toul","Gaul","France",48.679364,5.8947805
"MMPZJ8OQ3H","Theudalis","Tunisia","Tunisia",37.12994533,9.743317279
"W6WR6QJCQJ","Kurion","Cyprus","Cyprus",34.6642,32.8877
"NMDBP89QCK","Pitinum Merges","Italy","Italy",43.54699524,12.64874651
"4WILTR59SI","Velitrae - Velletri","Latium et Campania","Italy",41.687426,12.77721
"GLVXKSC0FV","Volaterrae - Velathri - Volterra - Colonia Iulia Augusta Volaterrae","Etruria","Italy",43.401604,10.8600625
"FH2MK8FFLP","Metelis","(blank)","Egypt",31.12039,30.375411
"CS8P39U8LM","Kition","(blank)","Cyprus",34.92434777,33.63083841
"MZLLP3VYQ1","Senigallia","Italy","Italy",43.71397923,13.21514833
"1KP716ICSE","Qartmin","Asia Minor","Turkey",37.30117,41.5202
"TG2KNG9SET","Limoges","Gaul","France",45.83527778,1.2625
"C43UG0KJRB","Blanda","Italy","Italy",39.94198935,15.80326958
"YD4Z8UCZEA","Auch","Gaul","France",43.647434,0.585694
"89II8UA5FH","Louth","Ireland","Ireland",53.90195408,-6.46238346
"IXIPYQOXDJ","Oran","Algiers","Algeria",35.69111,-0.64167
"9017N66E3Q","Ostra - Ostra Vetere - Montenovo - Le Muracce","Umbria","Italy",43.5843681671,13.0860688922
"F99C9L9LV5","Palermo","Sicily","Italy",38.111111,13.351667
"5IEVG406IE","Spello","Italy","Italy",42.99003616,12.67199114
"YMD507PDG0","Saint-Maixent-l'Ecole","(blank)","France",46.41054,-0.20437
"6N9KTT05VZ","Bari","Apulia","Italy",41.129222,16.870331
"DT83XL0V3I","Diospolis/Lydda/Lod","Palestine","Israel",31.951944,34.888056
"0YZBL2RHDR","Norba - Norva - Conversano","Apulia et Calabria","Italy",40.96706605,17.11590245
"OMGKZB1WTJ","Mallus","Asia Minor","Turkey",36.7575,35.48666667
"GU1WZEQWQH","Tamassos","Cyprus","Cyprus",35.028422,33.2421855
"VPIEO1PVW7","Anisola/Saint-Calais","(blank)","France",47.92148,0.74592
"9SZQ24SM4P","Tours - Caesarodunum - Civitas Turonum","Lugdunensis","France",47.3925295,0.691471
"XKNDYZ5F3H","Caria","Anatolia","Turkey",37.042901,27.420201
"9F731VYA5M","Debresina","Eritrea","Eritrea",15.748778,38.699611
"2KL72N92R0","Suessa Aurunca - Colonia Iulia Felix Classica Suessa - Pertecale","Latium et Campania","Italy",41.238254,13.932224
"5ZQMYNR7BK","Philai/Philae","(blank)","Egypt",24.025031,32.884252
"8XLBUFIO4Y","Arezzo","Italy","Italy",43.471274,11.863048
"XZO3D551MR","Siunia","Armenia Prima","Armenia",39.25,46.25
"8AW2XUNG4F","Cisomagus","(blank)","France",47.060291,0.852924
"EIF3HUQ768","Hyrcania","Palestine","Palestinian Territory",31.716392,35.383336
"T7BSCU3408","Combronde","(blank)","France",45.97846,3.0891
"QXSNK55PT2","Patavium - Padova","Venetia et Histria","Italy",45.409561,11.876975
"337BKWLYO3","Ferentium - Ferento - Ferentino","Etruria","Italy",42.48859,12.132177
"H2RTDFGP6A","Carpentras","France","France",44.05440725,5.047350051
"Q21RPBU3QL","Tavium","Asia Minor","Turkey",39.87444444,34.52777778
"VJTHCJVV46","Saena - Siena - Saena Iulia","Etruria","Italy",43.3186243,11.33107765
"ID3EZX872R","Skepsis","Asia Minor","Turkey",39.81111111,26.70638889
"00RZI5H7YU","Ashtishat","Armenia","Turkey",38.94339,41.433799
"BY1TM6WFVM","Laodicea","Phrygia Pacatiana","Turkey",37.83583333,29.1075
"WTTPTAZR52","Porto - Oporto","Hispania Citerior","Portugal",41.162142,-8.621953
"VQY763KO6J","Thaenae","Africa Byzacena","Tunisia",34.6553465,10.670659
"C3HE86UT4U","Saint-Brieuc","(blank)","France",48.513503,-2.762597
"1DDJ59OP5X","Erythron/Erythrum","(blank)","Libya",32.869317,22.27862877
"6N95KCVTR2","Col. Claudia Ara Agrippinensium/Ara Ubiorum","(blank)","Germany",50.940662,6.9599065
"A56TCEX5IS","Antanyos","Syria","Lebanon",34.257474,35.9495
"2SZ9XKBYWQ","Beroea","Macedonia","Greece",40.52212667,22.20149267
"CNPR4AQA5G","Saint-Avit","(blank)","France",48.09034,0.91559
"MIBUU06MOG","Sabaria","Pannonia","Hungary",47.23512,16.62191
"VV6OGZ628O","Trebizond","Armenia","Turkey",40.58333333,36.96666667
"DBIICEI8KJ","Forum Clodii","Italy","Italy",42.1337256,12.07791604
"VVIIT7YC8I","Kephallenia - Cephalania - Cephallenia - Cephalonia","Epirus","Greece",38.2,20.59
"1M0456ZXC8","Tarentaise","Gaul","France",45.43373,6.63686
"9XA98BER8F","Bythnia","Asia Minor","Turkey",40.5,31
"ZXEBSXFMTO","Desiniacum","(blank)","France",47.7428,3.73818
"68RYH2S1SR","Bizya - Vize - Bizye","Thracia","Turkey",41.572702,27.765289
"0FIG75E1L9","","Ethiopia - Kingdom of Axum","Ethiopia",14.1338504591,38.7212920204
"KN0ZMQNXL5","Kanopos/Kanobos/Canopus","(blank)","Egypt",31.313404,30.0580595
"42RAQ5QFLH","Hierapolis","Euphratensis","Syria",36.526222,37.9555335
"4H8HGZNRXG","Eumenia","Asia Minor","Turkey",38.320018,29.8486215
"9081JKXP2S","Ancyra/Angora","Galatia","Turkey",39.96282667,32.81975567
"3TCJPJPFDV","Tigisis - Ain el-Bordj - Thigisis","Numidia","Algeria",36.110666,6.9426995
"A0Y36LHFTR","Ardcarne","Ireland","Ireland",52.89846495,-8.977151629
"PIHPI4WZVJ","Auca","Spain","Spain",42.35404639,-3.666905313
"7DHL2LHRAZ","Lycaonia","(blank)","Turkey",38,33
"3SCI9KDSPK","Tadama","Mauretania Caesariensis","Algeria",36.607058,2.1918495
"7IPPA64P6Y","Balad","Assyria","Iraq",36.514152,42.726566
"048RSPQY70","Passo Corese","Italy","Italy",42.18508855,12.68240906
"VR0XLNM28K","Glastonbury","Britain","United Kingdom",51.14861111,-2.71388889
"2S9PLN69ZS","Heliopolis/Helius/Heliu/Solis Oppidum","(blank)","Egypt",30.131757,31.284786
"13LWBL9AU7","Scetis/Oxyrhynchus","Egypt","Egypt",28.542574,30.65172
"3XRJH7Z3CT","Eleutheropolis","Palestine","Israel",31.61305556,34.89833333
"L9S2AA62S8","","Taurike Chersonesos","Ukraine",45.398822,35.819354
"FLAYSTPKTV","Taormina","Italy","Italy",37.852222,15.291944
"9O4M8S8M3F","Pharan","Palestine","Palestinian Territory",31.84444444,35.41416667
"YPGZPB0JKF","Pisidian Antioch","Anatolia","Turkey",38.305175,31.1894355
"M48L6AWMHR","Aureliopolis","Lydia","Turkey",38.476241,27.877777
"IFBVVZZR9Q","Emesa","Syria","Syria",34.73083333,36.70944444
"HX5T3EVE02","Nazareth","Palestine","Israel",32.70194444,35.30333333
"1QD7UHEUHW","Curubis","Africa Proconsularis","Tunisia",36.575649,10.862461
"XH7C86Q9UK","Stobi/Stoboi","(blank)","North Macedonia",41.55232927,21.97440096
"9IC3FF4QLO","Iguvium - Gubbio","Umbria","Italy",43.355464,12.573438
"FJCJMB78UJ","Terracina","Italy","Italy",41.291169,13.24885
"LNWJW135Z4","Pettau","Austria","Slovenia",46.41944444,15.86944444
"UIEDNKTOSC","Galazia in Campania","Italy","Italy",41.05132141,14.3882626
"4NOLW3LK7S","Parium","Hellespont","Turkey",40.41611111,27.07027778
"QK5B05MJYE","Hipponion - Vibo Valentia - Monteleone","Bruttium et Lucania","Italy",38.675581,16.097648
"D7T11F7H2H","Montecassino","Italy","Italy",41.49126341,13.81408396
"SJ3GQZLYG1","Dunshaughlin","Ireland","Ireland",53.51166667,-6.53944444
"I5PMJCPBCM","Fulginiae - Foligno","Umbria","Italy",42.956143,12.703279
"FD1S5HSQV7","Cumae - Cuma - Kyme","Latium et Campania","Italy",40.8476741,14.0562815333
"YCVELHMEMI","Bourges","Gaul","France",47.082535,2.3978655
"U5QFP4HPG0","Prat de Maishan","Mesopotamia","Iraq",30.7826951,47.7010833
"VYC2GC3UF5","Gratianopolis","Viennensis","France",45.192528,5.731701
"BNVZ3JRJSU","Genua - Genoa - Genova","Italy","Italy",44.41111111,8.93277778
"HHGQNWOQGS","Antipolis - Antibes","Narbonensis","France",43.580587,7.120902
"1HRQ3HM509","Olympos - Ulu Dağ - Olympene","Bithynia","Turkey",40.06859975,29.2193399
"0QXE7N3KED","Zygris","(blank)","Egypt",31.506636,26.409102
"5MSBXMY4SA","Tarba","Novempopulana","France",43.23314,0.074264
"9P39FYJXI6","Hermonthis","Egypt","Egypt",25.616667,32.533333
"NMX8GGXSM2","Hamatha","Syria Secunda","Syria",35.13333333,36.75
"90DO0IRMC8","Adada","Asia Minor","Turkey",39.59454206,30.79006882
"K8QW7CMGTE","Dioclea","Asia Minor","Turkey",38.66388889,29.88805556
"PZAF7GIR9I","","Gallia - Gaul","France",46.3609533058,1.67061448931
"FQ65XZ23S0","","Gallicia","Spain",42.8238871636,-8.23593308317
"SYP7S5M0TJ","Perat-Maishan","Iraq","Iraq",30.52346961,47.83169823
"H3L3NXURIO","Soli","Cyprus","Northern Cyprus",35.14,32.81111111
"RTPKXYXVWH","Coracesium","Roman Pamphylia","Turkey",36.55,32
"Z0GVC4X6RY","Tadinum - Gualdo Tadino - Tarsina - Tadinae","Umbria","Italy",43.230265,12.786046
"TSNTWGIJYC","Hypaepa","Lydia","Turkey",38.273815,27.955721
"OA48BUHEM7","Blanzac-Porcheresse","Gaul","France",45.47559,0.03186
"6P0GDBND60","Cyme","Asia Minor","Turkey",38.86,27.05944444
"R6UPMU2EJP","Hira","Mesopotamia","Iraq",31.883324,44.449851
"OSOWQ33EOJ","Marseilles","France","France",43.296854,5.382499
"K6XMQIQA08","Byblos","Syria","Lebanon",34.120428,35.649109
"WZMUQFJN91","Coptos","Egypt","Egypt",25.996402,32.815787
"S9R3J473D6","Bazas","France","France",44.43159456,-0.210307136
"9I04JA982Q","Toledo - Toletum","Spain","Spain",39.86416667,-4.02916667
"KA42I495ZF","Anzitene","(blank)","Turkey",38.641856,39.668324
"OIUA8J0TVJ","Sora","Asia Minor","Turkey",41.13972222,32.6225
"H1FR5TSUZX","Himeria","Osrhoene","Turkey",37.25,38.25
"NQZ9T4WNF9","Sozopolis","Balkans","Bulgaria",42.41666667,27.7
"PJYCBRC1QG","Ispahan","Armenia","Iran",33,52.16667
"CDO04SEROQ","Antioch","Turkey","Turkey",38.306111,31.189167
"ZY8TFGO6A8","Autun","Gaul","France",46.94724,4.2991775
"AYZ32EH3IL","Subaugusta","Italy","Italy",41.87473671,12.582041
"DYUHYS8VR5","Bomarzo","Italy","Italy",42.49147072,12.25150724
"2KNZGACGPF","Pionsat","(blank)","France",46.109,2.69476
"4PA0OUUWUZ","Zara","Dalmatia","Croatia",44.115501,15.223778
"MEF1N27CE2","Tripoli","Lebanon","Lebanon",34.436667,35.834444
"IYDMUR1ENJ","Lisieux","France","France",49.14653926,0.226225051
"ELQLVB93PY","Vicetia - Vicenza","Venetia et Histria","Italy",45.545773,11.540277
"899LNBLA4T","Divodurum - Metz - Mecusa - Divodurum Mediomatricorum","Belgica","France",49.1181355,6.1741555
"5EJT49O90G","Verona","Italy","Italy",45.438954,10.994371
"OGX39R7L30","Jura Mountains","Gaul","France",46.666667,6.25
"F4A7CE8Z7U","Marmoutier","(blank)","France",47.402568,0.717183
"LW1A267O4V","Sepphoris/Diocaesarea","(blank)","Israel",32.7535945,35.281457
"INXHVHCGUV","Pidna","(blank)","Greece",40.25,22.75
"G79GKG9QAA","Antium - Anzio","Latium et Campania","Italy",41.44795,12.628995
"RLQ128E0R1","Trocmades","Galatia Secunda","Turkey",39.75,32.75
"8SOLQ5B5RS","Gerar","(blank)","Israel",31.38186,34.60643
"L6X6AULNZ8","Sesciacus","(blank)","France",48.81581,-1.57087
"0EVZ2VMW6A","Speyer","Bavaria","Germany",49.31944444,8.43111111
"CNMSK09S55","Parentium - Poreč - Colonia Iulia Parentium - Parenzo","Venetia et Histria","Croatia",45.227354,13.5948985
"B0CJL7FEG4","Claudiomagus","(blank)","France",46.941585,1.232804
"ML924I3B82","Adriaca","Thrace","Bulgaria",42.145589,24.749474
"718A9C16Y9","Alexandria","Egypt","Egypt",27.738333,30.704444
"ML9BYPNEIG","Autisparate/Theodosiopolis","(blank)","Turkey",39.908079,41.27573333
"STKEAP6ON5","Sufes","Tunisia","Tunisia",35.5474701,9.073267677
"I0DCG6HZ36","Isaura","Asia Minor","Turkey",37.19361111,32.3425
"B0K34HC398","Thabraca","Numidia","Tunisia",36.9567785,8.7497465
"9VUXOL9Q94","Jebel Aqra","Turkey","Turkey",35.9525,35.969306
"VWKY94GAIV","Thmouis","Augustamnica Prima","Egypt",30.9356335,31.5168555
"5F814SVMXP","Olba","Isauria","Turkey",36.58333333,33.93333333
"S4KUOHV5ME","Lilibeo","Italy","Italy",37.80076596,12.42821432
"6HH5DOFHZU","Brusa","Bithynia","Turkey",40.1828985,29.0638185
"GFGWQ3R0O0","Chidan","Mesopotamia","Turkey",37.15,38.8
"SU0JEPYQ6X","Tuam","Ireland","Ireland",53.51667,-8.85
"OTHQJKFLHV","Imola","Italy","Italy",44.35305556,11.71472222
"D3IM6LNFBU","Tarquinia","Italy","Italy",42.25574514,11.75160542
"0HFFR49PZB","Sidon","Phoenice Parhalus","Lebanon",33.560328,35.37324
"YFLVO9X20O","Forum Traiani","Italy","Italy",39.9956512,8.808019585
"QULSFRKY2S","Callipolis","Thracian Chersonese","Turkey",40.4139,26.6807775
"JK4F3O7QVZ","Tolosa - Toulouse","(blank)","France",43.604175,1.443246
"3D1CKA74D0","Eclanum","Italy","Italy",41.05388889,15.01111111
"LKDXC42V65","Cyzicus","Bithynia","Turkey",40.38,27.89
"62SKLCCL5P","Nomento","Italy","Italy",42.02531502,12.64897505
"PMJ7XKMFJL","Lugo","Gallicia","Spain",38.247458,-3.206444
"CHWZ7DWDQ8","Braga","Portugal","Portugal",41.54821,-8.42545
"2ATWTLNCXL","Casium","Lower Egypt","Egypt",31.21805556,33.07777778
"T4P9IR208Y","Nola","Naples","Italy",40.92611111,14.5275
"BFWFAJ2FYQ","Iope - Ioppe - Joppa - Jaffa","Palestina","Israel",32.053079,34.7499295
"CXWH681CJE","Saint-Paul-Trois-Châteaux","France","France",44.34974663,4.767464322
"GQ8PQHNUGT","Sidyma","Lycia","Turkey",36.40955867,29.19261824
"SNLTFAND1U","Avranches","France","France",48.68654729,-1.358785678
"0WVG9DL8F2","Magydus","Pamphylia Secunda","Turkey",36.85277778,30.79361111
"C9U1S0N244","Thibiuca","Tunisia","Tunisia",36.53238181,9.884861464
"JCN4JBOX5K","Hermopolis Magna/Schmun","Egypt","Egypt",27.77962025,30.80358061
"T1BQ4HCZNK","Ossonoba","Portugal","Portugal",37.01349241,-7.935008856
"3OMQ30KR97","Hadrumetum","NAfrica","Tunisia",35.82444444,10.63888889
"R0OZ6IR1E8","Iconium","Anatolia","Turkey",37.872202,32.492331
"V6X5C9RU3Z","Maon/Menoeis/Castrum Moenoenum","(blank)","Israel",31.334516,34.399245
"H12IPVJWVI","Arna","Italy","Italy",43.12808627,12.48563386
"6O8LE62TR5","Berenice/‘Aydhab ","Egypt","Egypt",23.9103,35.4737
"IBX9W2MZ01","Florence - Firenze - Florentia Tuscorum","Italy","Italy",43.78333333,11.25
"CHI8MK02P3","Kilmore","Ireland","Ireland",53.993056,-7.412778
"16QGKN3L31","Synnada","Phrygia Salutaris","Turkey",38.53333333,30.55
"5D5UILJX74","Panephysis ","Egypt","Egypt",31.158072,31.936
"A6CFN618H6","Mariut","Egypt","Egypt",30.84105,29.66349
"RR3QGP2GBU","Naukratis/Naucratis","(blank)","Egypt",30.900508,30.5919275
"2T5XNN04WL","Rhesaena","Osrhoene","Syria",36.85027778,40.07055556
"HHF2294KZ9","Aquae Neri/*Neriomagus","(blank)","France",46.288827,2.6599385
"5PQ4GIXP6W","Mount of Olives","Palestina","Israel",31.778333,35.243889
"1M0QV8YBF7","Mactar","Tunisia","Tunisia",35.86055556,9.20583333
"R8NIFZ2USV","Locri","Italy","Italy",38.23675211,16.26088386
"34AMOIQOHO","Mount Alfaf","Iraq","Iraq",36.49,43.442778
"LHAT7MYAWZ","Tolentinum - Tolentino","Picenum","Italy",43.209596,13.288166
"X3OHKEDMGZ","Obba","Byzacena","Tunisia",35.95,8.83333333
"Z7RDBH131G","","Malabar Coast","India",12.0167,75.2833
"9EIA5CR3N6","Fidene","Italy","Italy",41.97136698,12.51715906
"HS77M6HZOC","Tyana","Cappadocia","Turkey",37.858701,34.5663495
"09COENAAHV","Northern delta of the valley of the Nile","Egypt","Egypt",31.4877201,30.9481907
"469AIUQOD8","Xois","(blank)","Egypt",31.108961,30.93728
"HCAIS5N1F5","Virunum","Austria","Austria",46.70423292,14.36118517
"JV03JO234B","Mater","Tunis","Tunisia",37.04,9.665
"AI9BGRXXPM","Larissa/Larisa","(blank)","Greece",39.634851,22.42097025
"27SV1KTD1E","Valentia - Valence - Col. Valentia","Narbonensis","France",44.930719,4.8896965
"Z8T9U5CVRT","Dertona - Tortona - Colonia Iulia Augusta Dertona","Liguria","Italy",44.897171,8.865452
"LG2G1QSDFD","Sassari","Sardinia","Italy",40.73333333,8.56666667
"3TSXW272QC","Tuder - Todi - Colonia Iulia Fida Tuder","Umbria","Italy",42.780253,12.408494
"2O6QTTM5SI","Samarobriva Ambianorum/Amiens","Gaul","France",49.8936075,2.297948
"P1E37BLVNT","Aspendus","Pamphylia","Turkey",36.93902367,31.17000333
"TBY0NSVEZZ","Scodra/Skodra/Scutari","(blank)","Albania",42.0672575,19.520268
"S4QV71PPJC","Málaga","Spain","Spain",36.7202302,-4.4199375
"8KGSQ21NWI","Col. Forum Iulii","Narbonensis II","France",43.4328295,6.7360345
"LPGBB37OW4","Rome","Italy","Italy",41.858611,12.477222
"BUHVK0NJJZ","Caesarea/Diocletianopolis","Palestine","Israel",32.501833,34.900416
"4GZGA26APA","Cotenna","Godena or Gudene","Turkey",37.03333333,31.63333333
"YG67EROSG1","Col. Vienna","Gallia Narbonensis","France",45.5245105,4.875982
"DZT0U7YMXF","Oea","Libya","Libya",32.89298786,13.19379226
"1DF1VGVXI8","Narbonne","Brittany","France",43.1836165,3.004203
"NNX6WRI4F4","Aila","Jordan","Jordan",29.533787,34.999025
"6NTA6G7P6A","Rimini","Italy","Italy",44.05,12.56666667
"OKTAB3M6SU","Vesunna - Périgueux - Vesunna Petrucoriorum - Vesonna","Gaul","France",45.1840395,0.721699
"BO0M31329L","Koussai/Koskam/Cusae","(blank)","Egypt",27.438183,30.817991
"RRDPOQXG1D","Colonia","Armenia","Turkey",40.30527778,37.83055556
"M1EIOIIRU7","Firmum Picenum - Firmovicenum - Fermo","Picenum","Italy",43.1610772,13.7168264
"QQ78OH3T4G","Athens","Greece","Greece",37.97281915,23.72374385
"47I5UXX28G","Troyes","Aube","France",48.29972222,4.07916667
"E36SR9MARN","Tiberiopolis","Phrygia Pacatiana","Turkey",37.9,31.91666667
"55C4TUTB8P","Damascus - Damas - Damaskos","Syria","Syria",33.51305556,36.28416667
"8WN3S170S5","Inniscathy","Ireland","Ireland",52.61448513,-9.516887602
"LWP7XU04EI","Karpathus","Greece","Greece",35.58947547,27.13573626
"1JLDNYP6U8","Andilegum","(blank)","France",49.24736,1.42255
"PU31ISIQ0W","Segodunum/Rutenis/Civitas Rutenorum,","(blank)","France",44.350497,2.573846
"QV46PPGMTZ","Complutum","Spain","Spain",40.48063744,-3.369405313
"0Y53YPJ5OF","Valva","Bruttium et Lucania","Italy",40.7394114,15.2690494
"9AYITSF80V","Caesarea","Bithynia","Turkey",40.16666667,28.88333333
"PJM5C83MEI","Narni and Terni","Italy","Italy",42.51666667,12.51666667
"T0BPRVTRNT","Miciacum","(blank)","France",47.88203,1.86845
"FKVO2RM41N","Charrae","Turkey","Turkey",36.88203127,39.03680724
"4WEVR9UBNB","Apollonias","Turkey","Turkey",36.18748096,29.76378171
"SEEYQHJLWK","Tentyris/Tentyra","(blank)","Egypt",26.141775,32.67009722
"0HZMWUEO88","Digne","Gaul","France",44.09333333,6.23638889
"J7BU8PKQ2T","","Asia Minor","Turkey",37.9096964167,27.2786844167
"TALFL4GCQ0","Guadix","Spain","Spain",37.3,-3.13333333
"813UA0G5W5","Vasio","Viennensis, Gallia","France",44.24136523,5.07370635
"UP8NRG38GJ","Edessa","Syria","Turkey",37.167404,38.795515
"QM3DMI08XT","Cinna","Galatia","Turkey",39.22694444,33.03305556
"7XJJIS2YYM","Koloneia","(blank)","Turkey",40.306806,38.412817
"401FEBTNY5","Bayonne","Aquitania","France",43.49,-1.48
"VECXVHBUZL","Mar Mattai","Mesopotamia","Iraq",36.491605,43.392187
"RKVCK9ZVV5","Iria Flavia - Padrón - Tria","Hispania Citerior","Spain",42.746697,-8.654768
"6201AG8WXC","Legio","Palestine","Israel",32.571167,35.191306
"2FLF38OWLY","Verulamium","Britain","United Kingdom",51.75202764,-0.358468171
"V1S3E99VYK","Saint-Denis","(blank)","France",48.9354,2.35992
"DPAQGANDUD","Munisis","Egypt","Egypt",25.438333,30.558333
"RCE858D0DB","Segodunum - Rodez - Civitas Rutenorum","Aquitania","France",44.350497,2.573846
"Q0XV75X0H1","Dura","Syria","Syria",34.747,40.73
"0PM6L7K4AC","Gordioukome/Iuliopolis","(blank)","Turkey",40.107062,31.6450025
"Z9W9KN808X","Auch","France","France",43.64649106,0.585296407
"ZDGKTM4KIC","Yererouk, Anipemza","(blank)","Russia",43.60917,40.43972
"D0FXZDQGQN","Numana - Humana","Picenum","Italy",43.511271,13.62142
"GIB3FGD6T4","Anaea","Turkey","Turkey",37.7839,27.2994
"CN5UFAG1ZE","Lugudunum","Lugdunensis I","France",45.758866,4.8194815
"AFCMP1RGAU","Sardis","Asia Minor","Turkey",38.488314,28.040286
"1QEWK0PF44","Termessus","Pamphylia Secunda","Turkey",36.982996,30.467197
"Z13VBYAU9S","Tausiriacum","(blank)","France",46.986751,1.174934
"95PUIMPMKA","Catania","Sicily","Italy",37.502959,15.088142
"ADVUT98AE4","Angouleme - Saint-Cybard-lès-Angoulême","Gaul","France",45.65741,0.14777
"UYFTQX33VY","Besné","(blank)","France",47.39674,-2.0912
"Y1QJH889P0","Gourdon","(blank)","France",46.64153,4.44661
"BMBLHH61NK","Mayence","Gaul","Germany",49.998912,8.273869
"N03LDRGAEY","Thagora","Numidia","Algeria",36.174195,8.044696
"Z9G6MFARD1","Ticinum - Pavia","Transpadana","Italy",45.185899,9.156562
"TGNIA04P7N","Iatinum - Meaux - Meldis","Lugdunensis","France",48.9576983333,2.88036466667
"TTCE60827T","Tibur - Tivoli - Villa Hadriani","Rome","Italy",41.96333333,12.79222222
"9J0LCJPWHW","Verdun","Gaul","France",49.1592415,5.383154
"9MICXVMBT7","Cingulum - Cingoli","Picenum","Italy",43.37422,13.203437
"56YUBOXGSH","Raholp","Ireland","United Kingdom",54.343925,-5.674525
"PU4H6K02V8","Killashee","Ireland","Ireland",53.220803,-6.661626709
"1GTXTFSWAJ","Prusa - Prusias ad Hypium - Kieros","(blank)","Turkey",40.91419133,31.12040867
"Q78SZPWQ07","Sulmona","Italy","Italy",42.05399573,13.92054104
"CA5XKC9FX2","Martyropolis/Maypherqat","Armenia Quarta","Turkey",38.1427855,41.003257
"H4HPIEH0OT","Antaiopolis","(blank)","Egypt",26.8992835,31.517443
"OI6EHSM1PI","Iliturgi","Spain","Spain",38.03901233,-4.049187274
"GZI00UK0LB","Seleukeia Pieria","Turkey","Turkey",36.121264,35.928597
"JJWN1SIPM5","Hypsele/Schotep","(blank)","Egypt",27.146592,31.234697
"MNBF9CUXM8","Paris","Gaul","France",48.85666667,2.35083333
"3UQVQYMHFN","Emly","Ireland","Ireland",52.46334765,-8.35134094
"J9JJHK6A3G","Hubiliacus","(blank)","France",46.77533,4.88836
"Q6JT0H59FR","Bubastis","Egypt","Egypt",30.57238231,31.51108534
"45JLMG74YT","Kabeira/Neocaesarea/Diospolis/Sebaste/Hadriane","(blank)","Turkey",40.5892125,37.0201215
"OZVJ0ZG8HI","Châlons-sur-Marne","Reims","France",49.100037,3.758707
"2EF4C3QDT5","Lemica","Spain","Spain",42.06083333,-7.72333333
"AEERLHKA71","Langres","Gaul","France",47.8633,5.3339
"QECBAJAUE1","Écija","Spain","Spain",37.53836814,-5.078882647
"A9KOKK911F","Killala","Ireland","Ireland",54.2,-9.21666667
"3FFA3DUXCK","Tornodurum","(blank)","France",47.85649,3.97467
"J9VKPZZSPL","Sergiopolis","Augusta Euphratensis","Syria",35.62777778,38.75638889
"IAIZCRH9XX","Kaisareia/Hadrianopolis/Proseilemmene","(blank)","Turkey",40.933219,32.4560845
"1NQQD2A5A3","Hormizd-Ardashir","Persia","Iran",31.316712,48.68438
"T8Y5C4UAXX","","Isauria","Turkey",36.8834754557,32.6486095674
"LBR6I4GDVD","Turicum/Zurich","Gaul","Switzerland",47.36667,8.55
"A3TCN04XL4","Aswan","Egypt","Egypt",24.088889,32.899722
"7KIL923JC4","Asti","Turin","Italy",44.900895,8.206756
"E4LGVBC1MH","Faventia - Faenza","Aemilia","Italy",44.286236,11.883507
"WI20EGVAQ2","Thelepte/Sufetula","Byzacene","Tunisia",35.22972222,9.12944444
"QVKLHBVOU9","Ardagh","Ireland","United Kingdom",56.2661938,-3.8762007
"G9TDIY3PN6","Aphrodisia","Turkey","Turkey",37.708333,28.723611
"8FZCYA0LNT","Marsi","Italy","Italy",42.04111111,13.43972222
"NUSZVBBG92","Petra","Mesopotamia","Jordan",30.328611,35.441944
"8ENN26OC10","Tarsus","Cilicia","Turkey",36.914956,34.898228
"J5IAPIWJR4","Luni - Luna - Luni Mare - Ortonovo","Etruria","Italy",44.064253,10.016856
"VP3MLPX572","Saint-Bertrand-de-Comminges","France","France",43.02697328,0.571028695
"EXZ2YDTIW6","Brescia","Italy","Italy",45.539773,10.223135
"2RHS69K7AZ","Messana - Messina - Zankle","Sicilia - Melita","Italy",38.192251,15.556634
"QSQMH1804M","Malta","Italy","Malta",35.88333333,14.5
"31H1170CHT","Évreux - Mediolanum - Mediolanum Autercorum - Pagus Ebrecinus","Lugdunensis","France",49.024342,1.151012
"B5E178QY2U","Cantal","Gaul","France",45.08333,2.66667
"N6NDK42O0O","Faviana/Favianae/Favianis","(blank)","Austria",48.393748,15.57763
"Z548V46828","Tubunae","Numidia Cirtensis","Algeria",35.3504215,5.3501555
"H9SFQ4IUMQ","Petelia - Strongoli","Bruttium et Lucania","Italy",39.266064,17.05108
"G8U18H7KGG","Chorene","Armenia","Iran",35.286884,52.497326
"9RYN3HED1E","Leontinoi - Lentini - Leontina","Provinzia Siracusa","Italy",37.285478,14.998115
"EP6V6AQ05B","Sebastea","Cappadocia","Turkey",39.74833,37.01611
"BVKG0KI5DB","Ardmore","Ireland","Ireland",51.94900097,-7.726248127
"CA0LDNBE2I","Hephaistos","Augustamnica Prima","Egypt",31.210588,31.850314
"YTWSPZX88S","Agira","Sicily","Italy",37.65,14.516667
"2XP2DP5D9N","Rhodes","Cyclades","Greece",36.16666667,27.93333333
"PNKRFRQJUT","Andematunnum","Lugdunensis I","France",47.864221,5.335214
"5KCSC6D7KZ","Nuceria","Italy","Italy",40.73828605,14.65225187
"GFGY37MQ3C","Antinoe/Antinoopolis","Egypt","Egypt",27.8105625,30.8810025
"MLSZC83AVC","Brescello","Italy","Italy",44.90127149,10.51576422
"DGF5ZSFV26","Tarvisium - Treviso","Venetia","Italy",45.666251,12.242061
"U14S0JYOK1","Helenopolis","Bithynia Prima","Turkey",40.72333333,29.50222222
"1EFXA3LRDG","Scupi","Macedonia","North Macedonia",42.0084425,21.4124805
"6JXI37EC54","Pompaelo - Pamplona - Pompelo","Hispania Citerior","Spain",42.817991,-1.644224
"SVCKN7WT4S","Anao","(blank)","France",43.688824,7.333909
"H8DGZ54NKY","Pontiniacum","(blank)","France",46.84735,1.53809
"WKAHMK3Z9L","Khor Virap","Armenia","Armenia",39.878334,44.576111
"VK1LREDHHY","","Colchis - Lazica - Lazike","Georgia",42.2017552029,42.4540654257
"2G2NYM5L63","Vita","Byzacena","Algeria",32.5,7.5
"88L8MJMHN8","Maaloula","Syria","Syria",33.844167,36.546667
"F22U827MU8","Tremithus","Cyprus","Northern Cyprus",35.08361111,33.60777778
"FF6NI2SDHP","Areopolis","Palestine","Jordan",31.26923,35.73829
"KGJ6QH9NIX","Dadima","(blank)","Turkey",38.5726245,39.173912
"DDJQBPXGPQ","Cyrrhus","Syria","Syria",36.74416667,36.95916667
"3FBKNV2NG4","Ampurias","Spain","Spain",42.14017219,3.118269585
"6QQVR0TBX8","Cemenelum - Cimiez - Gemenellum","Alpes Maritimae","France",43.7194725,7.2758295
"DPFINY7N6U","L'Île-d'Yeu","(blank)","France",46.70592,-2.33177
"ZIYLU0IZBM","Forum Popilii - Forlimpopoli","Aemilia","Italy",44.18823405,12.12589355
"7176KPC2M6","Sens","Gaul","France",48.1975,3.28777778
"IXLQVTYZHO","Palestrina","Provinzia Roma","Italy",41.8394835,12.8923075
"SCIH75RM37","Tricala","Italy","Italy",37.57914582,13.21883932
"318EWWKQ9S","Tabae","Asia Minor","Turkey",37.43277778,28.845
"YGHXZRXF5I","Arsinoe","Cyprus","Cyprus",35.034889,32.421841
"NEMJBB8H3K","Besancon","Gaul","France",47.2372405,6.027924
"36NBYN7YA9","Cusae","Egypt","Egypt",27.44444444,30.81666667
"TLN68L52UB","Beziers - Baeterrae - Beterrae - Beterae","Gaul","France",43.3416765,3.217941
"VW0IWJ4SN6","Limonum","Aquitania II","France",46.5836465,0.3459905
"CXBOIJXGJ2","Allifae - Alife - Ad Lefas","Latium et Campania","Italy",41.328486,14.330592
"NWX8IMIXOJ","Carthage - Cartago - Carthago - Chartago - Poeni","Africa Proconsularis","Tunisia",36.853056,10.3230565
"19H69Y4AJK","Bisenzio","Italy","Italy",42.57198798,11.86992264
"POF3VCHWWF","Nursia","Italy","Italy",42.79333333,13.09388889
"N5963W46HH","Coria","Spain","Spain",39.98201391,-6.537394585
"X5E302EGC8","Nicopolis","Armenia","Turkey",37.0262595,36.6325185
"5DHLELYETM","Alba","Italy","Italy",44.7,8.03333333
"O4OQF0F3KF","Saujon","(blank)","France",45.67561,-0.92358
"YDXY6SAGN5","Aduatuca - Atuatuca - Tongeren - Aduaga Tungrorum - Tongres","Germania Inferior","Belgium",50.7806267,5.4639172
"2VUMDH0LWI","Aleppo - Beroa - Berya - Bersera","(blank)","Syria",36.19940741,37.16283514
"KA2DVQW012","","Italy - Italia","Italy",43.6941505,11.0949512
"4NDMFPTTZQ","Saint-Jouin-de-Marnes","(blank)","France",46.88166,-0.05182
"GDMSXBFTG9","Regium - Reggio di Calabria - Reginus Iulius - Rhegion","Bruttium et Lucania","Italy",38.109279,15.64393
"610KOOCJC0","Tinurtium","(blank)","France",46.565714,4.908721
"FT6QNCV21V","Cástulo ","Spain","Spain",38.03588617,-3.623884458
"LOGNCSY8XI","Nicopolis","Bulgaria","Bulgaria",43.7,24.9
"Q7COGRZ8IW","Telmessus","Lycia","Turkey",36.6225,29.11138889
"QJF7RQY0L9","Corfu","Greece","Greece",39.583333,19.866667
"USWVNQIP11","Arcadiopolis","Asia Prima","Turkey",41.4017405,27.352699
"FRLISPJRVS","Sharsunah","Syria","Syria",35,38
"TVJ8H41JFY","Orcistus","Galatia Secunda","Turkey",36.83361111,29.02694444
"WNYJB4NCNR","Kildare","Ireland","Ireland",53.15772,-6.91128
"UZZBLTIDXB","Caunus","Rhodian Peraea","Turkey",36.827092,28.623687
"KAQ1LMZQXZ","Auxerre","Gaul","France",47.7978475,3.573539
"FTBA3N8804","Claterna ","Italy","Italy",44.44196953,11.47492677
"FQBE8SUEBB","Vertavus","(blank)","France",47.16842,-1.4728
"BYMS9S7LXO","Amiternum - San Vittorino - San Vittorino Amiterno","Samnium","Italy",42.4004668176,13.3062214469
"8QQ36D5C5V","Tenedos","Cyclades","Turkey",39.82194444,26.02888889
"GBOW6S09F1","Iuliomagus/Andecavis","(blank)","France",47.469175,-0.549081
"K32D6XLBB3","Lambaesis","Algeria","Algeria",35.4897275,6.2573565
"BJGYHGBNBE","Beth Aramaye / Beth Garmai","Mesopotamia","Iraq",32.5,44.5
"W9XUSAJJQZ","Mola-di-Gaeta","Campania","Italy",41.214072,13.570989
"X8DH39QD3N","Col. Valentia","Gallia","France",44.930719,4.8896965
"1D79HGC0KN","Eburodunum - Embrun","Alpes Cottiae","France",44.5639875,6.4957095
"GF7QRCZ1O5","Barcelona - Barcionum - Barcino","Spain","Spain",41.387911,2.169911
"2P4U4WJ61L","Samtavro","Rusticus","Georgia",41.84638889,44.7175
"H5AOBTB2SY","Antipatris/Pegai/Arethousa?","(blank)","Israel",32.1106385,34.9323825
"YRDSKDH44I","Ibora","Helenopont","Turkey",40.622446,36.570874
"P2BM35W5HG","Thignica","Numidia","Tunisia",36.5217625,9.3544785
"R1GQ9PF1GS","Gabi","Italy","Italy",41.88713188,12.71595536
"590JZR1BW9","Sebastopolis/Herakleopolis/Karana","Armenia Prima","Turkey",40.00128447,36.0854952
"FZRU2VBTFD","Lorium","Italy","Italy",41.90312915,12.2838624
"LER9XP1PY8","Paraitonion/Paraetonium/Ammonia","(blank)","Egypt",31.350136,27.2368445
"FXAUFGHPC7","Vigeois","(blank)","France",45.37931,1.5157
"ADEF92A67V","Acci","Spain","Spain",37.3011722,-3.136176771
"D7CXGZOEJT","Mt. Diabenos (Dabis?)","Syria","Syria",36.70361111,37.95694444
"I6K079IH1B","Isaura Nova","Turkey","Turkey",37.193604,32.342442
"Y0ZG7DPEYL","Eclena","Italy","Italy",41.04181293,14.99346969
"29GMD15048","Briançonnet","France","France",43.86515022,6.758671407
"O295WOB9X2","Pacandus","Pacanden","Turkey",36.25916667,29.98527778
"VZPY8VSURK","Calvi","Italy","Italy",41.20460298,14.13796969
"UZAWBD3SF3","Themisonium","Phrygia Pacatiana","Turkey",37.5068,29.4055
"IQCMQK0R9B","Chios","Greece","Greece",38.4,26.01666667
"LVJVO6BLJI","Perusia - Perugia - Augustanus Perusinus - Colonia Vibia Augusta Perusia","Etruria","Italy",43.111192,12.3899085
"NO7NEEQ73F","Erdonia","Italy","Italy",41.31587687,15.6286376
"QEX332EPZ5","Scutari","Salonica","Greece",36.66833333,22.5
"7J60WKNZCT","Divodurum/Mettis","(blank)","France",49.1181355,6.1741555
"T20EYENB6E","Pachnemounis/Pachnamounis/Pachnamouis","(blank)","Egypt",31.358242,30.92746
"53LVUWLMGR","Paltus","Syria Prima","Syria",35.26722222,35.92555556
"WHOCTF114M","Appolonia","Macedonia","Greece",40.623703,23.469685
"8OFLDK6BXZ","Amorios","Phrygia","Turkey",39.020556,31.289167
"LEDJG8A4PJ","Carrhae","Mesopotamia","Turkey",36.8655215,39.0301785
"74BFLGTQNK","Irenopolis","Isauria","Turkey",36.48111111,32.89944444
"BEKBBQIAYW","Danaba / Palmyra","Phaenicia Secunda","Syria",34.55138889,38.26805556
"OAZ9HJN5KU","","Britannia","United Kingdom",53.826,-2.422
"P3LK5S157V","Minturnae - Minturno","Latium et Campania","Italy",41.242193,13.768467
"RFFSP70QAB","Perre - Perrhe - Pirun","Cappadocia","Turkey",37.778243,38.2865415
"D0CIRR0G91","Phaino","(blank)","Jordan",30.627038,35.489119
"M3VD65BW0Q","Clogher","Ireland","United Kingdom",54.41666667,-7.2
"5108S8IRXO","Neve","Bostra","Syria",32.88888889,36.04305556
"W1A4Y1317I","Colombier","(blank)","France",46.27375,2.79441
"VQCABFZDMZ","Atella - Orta di Atella - Sant Arpino","Latium et Campania","Italy",40.964613,14.26311
"N3GIOZHWKN","Milevis","Numidia","Algeria",36.45027778,6.26444444
"N7U9ORRPXL","Dyrrhachium","Greece","Albania",41.31666667,19.45
"JPA7ZDUFT5","Duleek","Ireland","Ireland",53.66024856,-6.418615002
"6O1FCJFP18","San Pedro Alcántara","Spain","Spain",36.486111,-4.990278
"4ZJHX2JX3K","Rhosus","Cilicia Secunda","Turkey",36.41277778,35.88666667
"R0DGZ20MR8","Emerita - Mérida - Emerita Augusta","Hispania","Spain",38.9178151543,-6.33901360476
"T6U8S03GMX","Labico - Lugnano - Labico Quintanense","Latium et Campania","Italy",41.783333,12.883333
"VO417ZJ8P5","Latopolis/Lato","(blank)","Egypt",25.25367995,32.53481865
"PFDO6VR18U","Vibinum - Bovino","Samnium","Italy",41.2511915,15.341247
"TJS9CQ5N8A","Constantia antea Tomi","Romania","Romania",44.17159221,28.63539294
"MYJUF31MSU","Cibyra","Asia Minor","Turkey",37.159273,29.492733
"8M1ERAXLGF","Selymbria","Asia Minor","Turkey",41.08027778,28.26833333
"X0RO57RBC4","Mesopolis Leontini","Sicily","Italy",37.283333,15
"AO5T562DNZ","Canatha","Arabia","Syria",32.754205,36.6183555
"FLUK3NIATL","Marcianopolis","Bulgaria","Bulgaria",43.22504,27.585033
"49D761XV7L","Durostorum","The Danube","Bulgaria",44.118103,27.267582
"TWGUPAMPXW","Hippo Regius","Numidia","Algeria",36.88333333,7.75194444
"J0F2A1QFGD","Adrianopolis","Thrace","Turkey",41.66666667,26.56666667
"D16PT43OHA","Ariaratheia","(blank)","Turkey",38.723507,36.392334
"ESEBS0JFQO","Diospolis Mikra","(blank)","Egypt",26.016881,32.312497
"VAJBXHX7XT","Como","Italy","Italy",45.816667,9.083333
"U7HEUZIHJ8","Ruspe","Byzacena","Tunisia",35.07833333,11.01888889
"CI942JS1Y4","Opitergium - Oderzo","Venetia et Histria","Italy",45.781212,12.493677
"1OI8JO6GGS","Saint-Vigor-le-Grand","(blank)","France",49.27972,-0.68861
"YQO3M0B855","Fanum Fortunae - Fano - Colonia Iulia Fanestris","Umbria","Italy",43.844902,13.016921
"VRZX3R86G1","Emona","Slovenia","Slovenia",46.05085876,14.50791604
"45DGJ2ZVPF","Myra","Lycia","Turkey",36.25629533,29.98736567
"0JZE6A67BK","Köln - Cologne - Colonia Claudia Ara Agrippinensium","(blank)","Germany",50.936389,6.952778
"L1KLNLVEVR","Connor","Ireland","United Kingdom",54.8071133138294,-6.20952496873932
"47MSRVS0Z1","Thabbora","Africa Proconsularis","Tunisia",36.384209,9.434433
"EWLTI72U86","Phragonis","(blank)","Egypt",31.247944,30.934522
"OZPSOUVX3B","Senez","France","France",43.91327505,6.406378491
"171PXXGHK9","Aquileia","Italy","Italy",45.768945,13.3677735
"L3LSO64BM7","Augsburg/Augusta Vindelicorum","Germany","Germany",48.365463,10.894765
"OFSFKIT9LK","Bitylion","Egypt","Egypt",31.221585,34.097015
"PGS56P4D7W","Clazomenae","southern shore of the Ionian Sea","Turkey",38.35805556,26.7675
"0QM96N8HVW","Surbourg","(blank)","France",48.9095,7.84722
"11EE1K9A6V","Portus - Portus Traian - Flavia Constantiniana Portuensis - Isola Sacra","Latium et Campania","Italy",41.7784037333,12.2584721
"VU54HTQAUH","Cavaillon","France","France",43.83651758,5.036035678
"7H0VXZ6XU8","Brou","Gaul","France",48.21015,1.16509
"RKG4G9SIOE","Marathon","Thrace","Greece",38.15,23.95
"BII2H9NZ9A","Satala","Armenia Prima","Turkey",40.027787,39.597934
"4KPH9DJJQN","Pinna - Penne - Pinna Vestina","Samnium","Italy",42.457647,13.927488
"1F6T5JB5TZ","Raphia","(blank)","Palestinian Territory",31.290688,34.242503
"9CCTUJ5M7X","Nikopolis/Nicopolis","(blank)","Greece",39.0157,20.7360035
"VHLC4APC2H","Cerisiacum","(blank)","France",49.19722,-0.93259
"SHE3Q6SYDK","Augustoritum","Aquitania I","France",45.8285425,1.2643925
"YKP07W0M1A","Salona","Dalmatia","Croatia",43.53833333,16.47444444
"RUFPPC61LI","Apamea/Arethusa/Pella","Syria Secunda","Syria",35.49124165,36.40156593
"OP1F1U44J8","Synaus","Asia Minor","Turkey",39.08333333,28.98333333
"B6RADR9FE4","Coinimbriga","Portugal","Portugal",40.20950095,-8.424541042
"0YR8CE4YBU","Tronto","Italy","Italy",42.89029513,13.89925241
"V0JYYJEYWS","Chersonesos/Chersonesus","(blank)","Ukraine",44.6112696,33.49279435
"N99WZ8Y4NF","Babylon/Stratonicidi","(blank)","Egypt",30.005783,31.2301075
"4H5W1R66O2","Sagone","France","France",42.11851543,8.69023578
"0QUTV321SP","Javols","France","France",44.69430507,3.342334812
"82Y0Y8WP5V","Baravokh / Bisada / Bishapur","Persia","Iran",29.7779115,51.5710073
"6THWV6PVK7","Lykopolis","Egypt","Egypt",27.181346,31.1825335
"RD68QHJSOF","Rusicade","Numidia","Algeria",36.86666667,6.9
"0NWVYN6RT9","Aphroditopolis/Aphrodito","(blank)","Egypt",29.408419,31.25167
"V25TZAFYXF","Aquae Flaviae","Portugal","Portugal",41.73984761,-7.470948229
"QGXCEZ7EP4","Aceruntia - Acerenza - Acheruntia","Bruttium et Lucania","Italy",40.793108,15.937511
"1CNSLBRIEE","Noviodunum","(blank)","Romania",45.270526,28.491915
"DNL5R2B0MR","Sunbat","Egypt","Egypt",30.806837,31.203481
"R9QDPMNJM1","Gerace","Bruttium et Lucania","Italy",38.27137,16.2207
"83VPG4E5D7","Lescar","France","France",43.3333865,-0.433753491
"HE8NCAOVTZ","Col. Iulia Nobilis Cnosos","Crete","Greece",35.2977445,25.163289
"7RYISDX2NO","Cirta - Constantine - Constantinius - Constantina","Numidia","Algeria",36.3681146667,6.61330266667
"T8REH64EDC","Boiotro","Gaul","Germany",48.5723053,13.463311
"QP5E204OE0","Galilee","Palestine","Israel",32.76,35.53
"5AIPDK0QHM","Onia","(blank)","France",47.011832,1.405935
"4P2ZTS9UDL","Senlis","France","France",49.20710222,2.585621509
"0L8SZJDE5V","Fars","Iran","Iran",30.5,51.5
"45TWYAMDQD","Anagni","Rome","Italy",41.742213,13.158962
"8ARSOK0ZFI","Bethlehem","Palestine","Palestinian Territory",31.7,35.21667
"IRVJHAOHXO","al-Anbar","(blank)","Iraq",33.54402,41.31751
"CUL6TTNBRZ","","Armenia","Turkey",37.5,42.5
"1IOPM24XYQ","Harit Zuwaylah","Cairo","Egypt",31.177163,31.864398
"KJGSEYM6B3","Arras","France","France",50.29348043,2.774182136
"ZZ4E1TJ7AK","Halicarnassus","Caria","Turkey",37.03777778,27.42416667
"LIW7WIF6VR","Lilybaeum - Lilybaion - Marsala","Sicilia","Italy",37.8027343605,12.4296649099
"JW63Z4GF8D","Jericho","Cæsarea Maritima","Palestinian Territory",31.87111111,35.44416667
"MR0B0S54D9","Promyssia/Sabastopolis","Phrygia","Turkey",40.25,27.75
"WAQC7EC4OU","Samosata","Euphratensis","Turkey",37.525756,38.530357
"8599RLX6WY","Alexandria","Cilicia","Turkey",36.58166667,36.165
"84VIUHNXZF","Tournai","Belgium","Belgium",50.60703963,3.388323229
"FIQAUCRR9Y","Mount Senario","Italy","Italy",43.8953,11.3335
